model_name,subgroup_dimension,subgroup_value,n,mae,median_absolute_error,rmse,actual_mean,predicted_mean,actual_sum,predicted_sum,actual_to_expected_ratio,calibration_error_abs
APR_DRG_SEVERITY_MEAN,hospital_key,1,4333,3.7463743853607925,1.9972752043596729,6.853330219162969,6.406646665128087,6.68238853019903,27760.0,28954.789501352396,0.9587360322099184,0.04126396779008157
APR_DRG_SEVERITY_MEAN,hospital_key,2,2628,2.87154993552248,1.807397504456328,4.394920515603522,4.545662100456621,6.109335916325644,11946.0,16055.334788103793,0.7440517533680702,0.25594824663192983
APR_DRG_SEVERITY_MEAN,hospital_key,3,133,7.419085606181113,6.116803278688524,10.87247958458292,7.93984962406015,11.24126914826201,1056.0,1495.0887967188473,0.7063125630514517,0.29368743694854826
APR_DRG_SEVERITY_MEAN,hospital_key,5,223,2.449392850632027,1.461267605633803,3.598250844673566,2.717488789237668,4.79608445986573,606.0,1069.5268345500579,0.566605699290322,0.433394300709678
APR_DRG_SEVERITY_MEAN,hospital_key,6,371,6.381739225508279,3.7369157570668907,10.156525318674506,9.495956873315365,10.4131783531565,3523.0,3863.2891690210618,0.9119172409485233,0.08808275905147667
APR_DRG_SEVERITY_MEAN,hospital_key,7,990,2.659238058025156,1.6257703081232493,4.475005064133286,4.725252525252525,5.1111655111762655,4678.0,5060.053856064503,0.9244960889879444,0.07550391101205556
APR_DRG_SEVERITY_MEAN,hospital_key,8,1546,3.0911078763094713,1.6146710526315788,5.460680589496503,5.546571798188874,5.683278832684556,8575.0,8786.349075330323,0.9759457456654285,0.024054254334571534
APR_DRG_SEVERITY_MEAN,hospital_key,9,739,3.038126927131092,1.889546351084812,4.821477988591923,5.454668470906631,5.705489699982121,4031.0,4216.356888286788,0.9560386150418821,0.043961384958117855
APR_DRG_SEVERITY_MEAN,hospital_key,10,553,3.124243759371729,1.7146118721461185,7.082263222187447,5.092224231464738,5.766846834436768,2816.0,3189.0662994435324,0.8830170763434333,0.1169829236565667
APR_DRG_SEVERITY_MEAN,hospital_key,11,117,2.58408751951341,2.2630842429331093,3.4747884886238434,4.102564102564102,5.062158524520422,480.0,592.2725473688894,0.8104376982055833,0.1895623017944167
APR_DRG_SEVERITY_MEAN,hospital_key,12,693,3.454573153543805,1.616119402985075,7.082184784373004,4.982683982683983,5.639180910461317,3453.0,3907.9523709496925,0.883582928407305,0.11641707159269499
APR_DRG_SEVERITY_MEAN,hospital_key,13,21,2.797479438563708,2.228963938179737,3.338452571144316,3.4285714285714284,5.274409690869035,72.0,110.76260350824974,0.6500388914624723,0.3499611085375277
APR_DRG_SEVERITY_MEAN,hospital_key,14,935,2.327526204747937,1.355721393034826,4.608936870445546,4.227807486631016,4.489830286916394,3953.0,4197.991318266829,0.9416408230286729,0.05835917697132709
APR_DRG_SEVERITY_MEAN,hospital_key,15,104,8.7551160845599,6.647086000924031,11.929185432778006,10.60576923076923,12.174244407513799,1103.0,1266.121418381435,0.8711644744230268,0.1288355255769732
APR_DRG_SEVERITY_MEAN,hospital_key,16,146,2.4536344787130866,1.461267605633803,3.4815793786983606,2.993150684931507,4.840516148103144,437.0,706.715357623059,0.6183536204304234,0.3816463795695766
APR_DRG_SEVERITY_MEAN,hospital_key,17,914,3.9705102264991123,1.7293388429752063,8.199042082214014,6.378555798687089,5.770394994825494,5830.0,5274.141025270501,1.105393271068437,0.1053932710684371
APR_DRG_SEVERITY_MEAN,hospital_key,18,367,4.216192269611672,1.9938271604938276,8.827822455650825,7.885558583106267,6.516680848418977,2894.0,2391.6218713697644,1.2100575072691178,0.21005750726911776
APR_DRG_SEVERITY_MEAN,hospital_key,19,411,3.7916626930008923,2.02,8.970385783840168,5.45985401459854,5.3382520601471,2244.0,2194.021596720458,1.022779357939889,0.022779357939888945
APR_DRG_SEVERITY_MEAN,hospital_key,20,13,3.7908504032720676,3.4968197879858653,4.371116045271186,3.6153846153846154,6.169556072387976,47.0,80.20422894104368,0.5860040127628262,0.4139959872371738
APR_DRG_SEVERITY_MEAN,hospital_key,21,14,2.063479974626712,1.6028340702530093,2.7805658520334458,4.5,4.92628925307252,63.0,68.96804954301528,0.9134664589971764,0.08653354100282362
APR_DRG_SEVERITY_MEAN,hospital_key,22,22,2.6089092265958658,2.255713093122206,3.3580886142911597,3.772727272727273,6.1143241174854275,83.0,134.5151305846794,0.6170309588165637,0.38296904118343633
APR_DRG_SEVERITY_MEAN,hospital_key,23,1008,4.208246825883974,2.334270717202917,7.992039123499532,7.374007936507937,7.49517120603001,7433.0,7555.13257567825,0.9838344894077142,0.01616551059228577
APR_DRG_SEVERITY_MEAN,hospital_key,24,2610,2.9040940582685066,1.6117620032161728,4.9323616267392785,5.267432950191571,5.996918741839258,13748.0,15651.957916200465,0.8783565655878882,0.12164343441211178
APR_DRG_SEVERITY_MEAN,hospital_key,25,680,2.1964963547318055,1.2252414627607546,3.5342822214550904,4.2102941176470585,4.72206013774963,2863.0,3211.0008936697486,0.8916222993410539,0.10837770065894614
APR_DRG_SEVERITY_MEAN,hospital_key,26,2815,3.9275400103463505,2.1709401709401708,7.157678838197793,6.806039076376554,6.516265468776025,19159.0,18343.28729460451,1.0444692759969705,0.04446927599697048
APR_DRG_SEVERITY_MEAN,hospital_key,27,1529,2.5074474264893953,0.9875455650060754,6.250433951147786,4.70372792674951,5.087942362441616,7192.0,7779.463872173232,0.924485301066239,0.07551469893376095
APR_DRG_SEVERITY_MEAN,hospital_key,28,1734,4.660758409366274,2.149159663865546,9.051926373206085,8.26643598615917,6.935351472537974,14334.0,12025.899453380847,1.1919274774886195,0.1919274774886195
APR_DRG_SEVERITY_MEAN,hospital_key,29,2113,2.5022700914995615,1.383880597014925,4.280264933845387,4.810222432560341,5.46108681626478,10164.0,11539.276442767481,0.8808177922083261,0.11918220779167388
APR_DRG_SEVERITY_MEAN,hospital_key,30,498,4.511649613492331,2.277046783625731,8.528495045854854,8.355421686746988,7.342085241103163,4161.0,3656.358450069375,1.1380175266790513,0.13801752667905132
APR_DRG_SEVERITY_MEAN,hospital_key,31,1307,2.2535631575507318,0.9542212285744704,5.983390079697662,4.944912012241775,4.6745253184524564,6463.0,6109.60459121736,1.0578425990596265,0.05784259905962652
APR_DRG_SEVERITY_MEAN,hospital_key,32,3976,3.335757988802825,1.5571073867163252,7.761156546041459,6.062374245472837,5.838426000592106,24104.0,23213.581778354215,1.038357640373967,0.03835764037396694
APR_DRG_SEVERITY_MEAN,hospital_key,33,694,3.7280910761675625,2.129578584022449,7.362007478908653,6.2982708933717575,5.816187702544443,4371.0,4036.434265565844,1.0828864568136984,0.08288645681369844
APR_DRG_SEVERITY_MEAN,hospital_key,34,62,2.0855463825090075,1.5538243626062322,2.8121446407641555,3.5161290322580645,3.7846564759524255,218.0,234.64870150905037,0.9290483970208195,0.07095160297918046
APR_DRG_SEVERITY_MEAN,hospital_key,35,153,3.392685410246627,1.4523809523809526,6.950158884918454,6.143790849673203,5.461905361539368,940.0,835.6715203155234,1.1248438856036227,0.1248438856036227
APR_DRG_SEVERITY_MEAN,hospital_key,36,63,6.802129851042454,2.1417322834645667,12.459482172897674,9.428571428571429,4.809109524052542,594.0,302.97390001531016,1.960564919849477,0.960564919849477
APR_DRG_SEVERITY_MEAN,hospital_key,37,236,2.631858638647332,1.1310498232781563,4.867055666053462,4.8559322033898304,5.216046303544292,1146.0,1230.986927636453,0.9309603329422584,0.06903966705774156
APR_DRG_SEVERITY_MEAN,hospital_key,38,77,4.6244537238018015,2.450315075133301,11.202509638883381,6.675324675324675,6.447096251435807,514.0,496.4264113605571,1.035400188703254,0.03540018870325401
APR_DRG_SEVERITY_MEAN,hospital_key,39,269,1.9445006978763824,1.13875,2.8674020746132345,3.907063197026022,4.964283957642825,1051.0,1335.39238460592,0.7870345915669983,0.2129654084330017
APR_DRG_SEVERITY_MEAN,hospital_key,40,522,2.600297725537137,1.6518626062961594,4.697711147560556,3.9310344827586206,4.891699810638778,2052.0,2553.4673011534423,0.8036131886525739,0.19638681134742608
APR_DRG_SEVERITY_MEAN,hospital_key,41,49,9.281617674492518,8.976344086021506,11.627286262765338,16.918367346938776,10.748772415881957,829.0,526.6898483782159,1.5739813526929711,0.5739813526929711
APR_DRG_SEVERITY_MEAN,hospital_key,42,85,2.379595610894412,2.0443213296398888,3.214899333117324,4.035294117647059,5.564699936172539,343.0,472.9994945746658,0.72515933723869,0.27484066276131003
APR_DRG_SEVERITY_MEAN,hospital_key,43,1086,3.2932293718062273,1.5626264670174017,7.674796081927965,5.04696132596685,5.494382750960652,5481.0,5966.899667543268,0.9185674815036188,0.08143251849638122
APR_DRG_SEVERITY_MEAN,hospital_key,44,12,1.8505117270316926,1.6422764227642275,2.2945318706868205,3.0833333333333335,4.251319565272932,37.0,51.01583478327519,0.7252650114848247,0.2747349885151753
APR_DRG_SEVERITY_MEAN,hospital_key,45,135,1.25958613906748,0.9839910268175793,1.772706084031956,2.8444444444444446,3.0544997914849277,384.0,412.35747185046523,0.9312308523883166,0.0687691476116834
APR_DRG_SEVERITY_MEAN,hospital_key,46,96,2.5419416737405736,2.0473739275999163,3.3069046525406036,3.25,5.234941737848881,312.0,502.5544068334926,0.6208283038763055,0.3791716961236945
APR_DRG_SEVERITY_MEAN,hospital_key,47,255,2.6804731289466184,1.7529411764705882,4.2432093039665855,4.325490196078431,5.4353544569863494,1103.0,1386.0153865315192,0.795806461254546,0.20419353874545398
APR_DRG_SEVERITY_MEAN,hospital_key,48,349,2.1806311247032895,1.0533333333333337,3.6809320143893367,3.6074498567335245,4.634846698027243,1259.0,1617.5614976115078,0.7783320769312574,0.2216679230687426
APR_DRG_SEVERITY_MEAN,hospital_key,49,85,2.1621993797111037,1.3491379310344827,3.5226302383809522,4.258823529411765,4.298526115418988,362.0,365.374719810614,0.9907636745849213,0.009236325415078683
APR_DRG_SEVERITY_MEAN,hospital_key,50,1994,2.9699117033736333,1.3021747352496218,7.185332708527626,5.180040120361083,4.717699339599449,10329.0,9407.092483161301,1.0980013238403805,0.09800132384038052
APR_DRG_SEVERITY_MEAN,hospital_key,51,3278,3.8805775078287827,1.8067570111048372,8.744282632033594,6.726052471018914,5.793375789084701,22048.0,18990.68583661965,1.1609901922280734,0.16099019222807343
APR_DRG_SEVERITY_MEAN,hospital_key,52,46,10.724580197998801,4.422680412371134,20.012301087052222,17.82608695652174,12.219547610129384,820.0,562.0991900659517,1.4588172594658757,0.4588172594658757
APR_DRG_SEVERITY_MEAN,hospital_key,53,4766,4.956035223778384,2.237373737373737,10.831520813435937,7.840327318506085,7.393197084703329,37367.0,35235.97730569606,1.0604786033268176,0.06047860332681765
APR_DRG_SEVERITY_MEAN,hospital_key,54,2294,3.7921224669422995,1.8611805555555554,7.4756296735542405,6.687445510026155,5.321853245105218,15341.0,12208.33134427137,1.256600887327538,0.25660088732753805
APR_DRG_SEVERITY_MEAN,hospital_key,55,28,8.358743513608063,7.638736817841296,9.947192517189242,16.0,10.893264008886744,448.0,305.0113922488288,1.4687975970239198,0.46879759702391977
APR_DRG_SEVERITY_MEAN,hospital_key,56,433,3.0258667247970705,1.7286476868327405,5.1261862025853,5.249422632794457,5.9693678137892725,2273.0,2584.736263370755,0.8793933958413925,0.12060660415860747
APR_DRG_SEVERITY_MEAN,hospital_key,57,689,3.6051853982197515,2.2948717948717956,5.522909485763798,7.638606676342525,7.003164922752048,5263.0,4825.180631776161,1.09073636857045,0.09073636857045009
APR_DRG_SEVERITY_MEAN,hospital_key,58,4328,2.835101609431356,1.659209761766415,5.21120260035627,4.145101663585952,5.418402915999227,17940.0,23450.847820444655,0.7650043246777521,0.23499567532224785
APR_DRG_SEVERITY_MEAN,hospital_key,59,1347,2.605477173167039,1.3037747153984434,4.734323723769468,5.539717891610987,5.426931668626133,7462.0,7310.076957639401,1.0207826871373538,0.02078268713735376
APR_DRG_SEVERITY_MEAN,hospital_key,60,1216,2.74851589888971,1.589156126891976,5.11762713297009,4.684210526315789,4.964102167762441,5696.0,6036.3482359991285,0.9436168652482001,0.0563831347517999
APR_DRG_SEVERITY_MEAN,hospital_key,61,2269,2.903811391794378,1.54320987654321,5.6260823847723564,5.292639929484355,5.760727342343896,12009.0,13071.090339778299,0.9187450845974099,0.08125491540259011
APR_DRG_SEVERITY_MEAN,hospital_key,62,1876,3.8129237783785372,1.8381962864721486,7.997955849093075,6.59275053304904,5.674251856256407,12368.0,10644.896482337019,1.1618713268393086,0.1618713268393086
APR_DRG_SEVERITY_MEAN,hospital_key,63,5812,3.0531604364529876,1.387978142076503,6.636462601366695,5.81675843083276,5.440413302755654,33807.0,31619.682115615862,1.0691758341018835,0.06917583410188355
APR_DRG_SEVERITY_MEAN,hospital_key,64,434,2.0305768925450423,1.2960161371659105,3.0418261441867123,3.251152073732719,4.1880533761870025,1411.0,1817.615165265159,0.7762919384501059,0.2237080615498941
APR_DRG_SEVERITY_MEAN,hospital_key,65,709,2.674640198215457,1.7286476868327405,3.9148437666196787,4.947813822284909,5.713151276302323,3508.0,4050.6242548983473,0.866039350788422,0.13396064921157802
APR_DRG_SEVERITY_MEAN,hospital_key,66,929,2.7706207341864864,1.8888888888888888,4.217880596064549,5.135629709364909,5.813503515117091,4771.0,5400.744765543777,0.883396680850114,0.11660331914988598
APR_DRG_SEVERITY_MEAN,hospital_key,67,2269,2.727166822846724,1.6825396825396823,4.5187270942370255,5.111062141912737,5.529307343539277,11597.0,12545.99836249062,0.9243584818783425,0.07564151812165754
APR_DRG_SEVERITY_MEAN,hospital_key,68,15,4.513742510365256,2.0879446640316206,7.471757647615121,9.266666666666667,8.137946664897736,139.0,122.06919997346606,1.1386983778890511,0.13869837788905115
APR_DRG_SEVERITY_MEAN,hospital_key,69,458,3.383055449383197,1.6774425287356323,6.664170140317162,6.5895196506550215,5.899541806951332,3018.0,2701.99014758371,1.1169544799039648,0.11695447990396479
APR_DRG_SEVERITY_MEAN,hospital_key,70,349,5.943471978222451,2.532051282051282,9.528873906464028,10.212034383954155,7.199348250068564,3564.0,2512.5725392739287,1.418466509639522,0.4184665096395219
APR_DRG_SEVERITY_MEAN,hospital_key,71,414,2.4272768524607224,1.3356785490931835,3.9751035217900124,4.166666666666667,5.133826852997082,1725.0,2125.404317140792,0.8116102833180289,0.18838971668197113
APR_DRG_SEVERITY_MEAN,hospital_key,72,911,3.4529573816765207,2.0589721988205563,6.746250101220418,5.806805708013172,6.210250450355623,5290.0,5657.538160273973,0.9350356727852501,0.06496432721474987
APR_DRG_SEVERITY_MEAN,hospital_key,73,1199,2.8090268456598864,1.4968354430379747,5.6752828717480295,4.841534612176814,5.115733949608279,5805.0,6133.765005580326,0.9464007823447386,0.05359921765526143
APR_DRG_SEVERITY_MEAN,hospital_key,74,1116,3.364005014901212,1.6946049524803928,8.319437124951412,5.671146953405018,5.657435673757466,6329.0,6313.698211913333,1.0024235856027763,0.0024235856027763347
APR_DRG_SEVERITY_MEAN,hospital_key,75,2029,2.962259335239617,1.5329670329670328,5.4046357047421,5.208477082306555,5.886651624913883,10568.0,11944.01614695027,0.8847945171857781,0.11520548281422194
APR_DRG_SEVERITY_MEAN,hospital_key,76,2525,3.8782714444958883,2.2960161371659105,6.842588213169349,6.877227722772277,7.027788949520529,17365.0,17745.167097539335,0.9785763021869739,0.02142369781302611
APR_DRG_SEVERITY_MEAN,hospital_key,77,2418,2.734549554618324,1.2619918837554083,6.081843117094684,5.662944582299421,4.846117527644298,13693.0,11717.91218184391,1.1685528776377374,0.1685528776377374
APR_DRG_SEVERITY_MEAN,hospital_key,78,288,3.6328046469842823,1.9070639122185515,7.736820802075691,5.836805555555555,5.4592661555913455,1681.0,1572.2686528103075,1.0691557050351057,0.06915570503510571
APR_DRG_SEVERITY_MEAN,hospital_key,79,321,5.344616534749219,3.2362204724409445,8.408692477398263,8.361370716510903,7.656835756681887,2684.0,2457.8442778948856,1.0920138530089523,0.09201385300895226
APR_DRG_SEVERITY_MEAN,hospital_key,80,641,2.841071112301003,1.5538243626062322,5.598060642456622,4.6786271450858035,5.049609834342612,2999.0,3236.7999038136145,0.9265324051902506,0.0734675948097494
APR_DRG_SEVERITY_MEAN,hospital_key,81,1305,2.4532159200994954,1.3636363636363633,4.0580771345044075,4.146360153256705,5.057951808892473,5411.0,6600.627110604677,0.8197705929042102,0.18022940709578983
APR_DRG_SEVERITY_MEAN,hospital_key,82,2391,3.0130131774837094,1.6541786743515852,5.3172945413218455,5.849853617733166,5.706789088399781,13987.0,13644.932710363877,1.0250691811309782,0.025069181130978224
APR_DRG_SEVERITY_MEAN,hospital_key,83,228,1.8422917687807692,1.0160089731824207,2.9815969290656317,3.956140350877193,4.348918087107172,902.0,991.5533238604354,0.9096838044858994,0.09031619551410064
APR_DRG_SEVERITY_MEAN,hospital_key,84,322,3.426364624825674,2.159422886510444,4.999933840756322,6.226708074534161,6.922239296972276,2005.0,2228.961053625073,0.8995222221308741,0.10047777786912593
APR_DRG_SEVERITY_MEAN,hospital_key,85,31,3.4099744570987456,2.027379400260756,6.589837549518202,5.032258064516129,5.282088604650157,156.0,163.74474674415487,0.9527023193223063,0.04729768067769369
APR_DRG_SEVERITY_MEAN,hospital_key,86,420,2.2143786423480996,1.422657952069717,3.4130600313378423,3.823809523809524,4.90813960627892,1606.0,2061.418634637146,0.7790751344802365,0.22092486551976354
APR_DRG_SEVERITY_MEAN,hospital_key,87,140,2.999055318736931,2.356663438226785,3.941993316966246,4.3,5.855806195171039,602.0,819.8128673239454,0.7343139196693316,0.26568608033066843
APR_DRG_SEVERITY_MEAN,hospital_key,88,1014,2.8054813527280307,1.4690369957241125,5.468771408511006,5.0788954635108485,5.414418042444043,5150.0,5490.21989503826,0.9380316450811504,0.061968354918849555
APR_DRG_SEVERITY_MEAN,hospital_key,89,375,3.520941654720873,2.351145038167939,5.211969251980286,5.469333333333333,7.38606251851099,2051.0,2769.773444441621,0.7404937772495238,0.2595062227504762
APR_DRG_SEVERITY_MEAN,hospital_key,90,1105,3.806418436129958,2.530343007915567,6.2783416438392035,4.934841628959276,6.922965011496958,5453.0,7649.876337704139,0.7128219802879245,0.28717801971207546
APR_DRG_SEVERITY_MEAN,hospital_key,91,175,10.750467905962633,7.710407239819004,16.823007811237716,18.53142857142857,8.621814493312096,3243.0,1508.8175363296168,2.149365262475007,1.149365262475007
APR_DRG_SEVERITY_MEAN,hospital_key,92,1403,3.078453854656976,1.7369157570668907,5.815302412808061,5.145402708481825,6.0706395181346045,7219.0,8517.10724394285,0.8475882471873263,0.15241175281267372
APR_DRG_SEVERITY_MEAN,hospital_key,93,2125,1.920986857463758,0.9875455650060754,3.7955127501907615,4.313411764705882,4.350649817173893,9166.0,9245.130861494523,0.9914408067684473,0.008559193231552742
APR_DRG_SEVERITY_MEAN,hospital_key,94,73,4.278553979452832,2.151181102362205,6.274844827068285,6.47945205479452,8.117326505159244,473.0,592.5648348766248,0.7982248897683596,0.2017751102316404
APR_DRG_SEVERITY_MEAN,hospital_key,95,123,3.899895794583083,2.205527638190955,5.322325925958593,3.7398373983739837,6.608086934160106,460.0,812.794692901693,0.5659485771957873,0.4340514228042127
APR_DRG_SEVERITY_MEAN,hospital_key,96,58,6.540001168088252,2.2727831273910266,8.664675746635162,3.4482758620689653,9.682498508102508,200.0,561.5849134699455,0.3561349231485426,0.6438650768514573
APR_DRG_SEVERITY_MEAN,hospital_key,97,568,2.9934192762196314,1.5232917170089944,4.920085722207736,5.269366197183099,5.350933986963903,2993.0,3039.3305045954967,0.9847563453446592,0.015243654655340833
APR_DRG_SEVERITY_MEAN,hospital_key,99,1209,2.866352854443154,1.6370235934664246,4.85818667812729,4.628618693134822,5.527815560485708,5596.0,6683.129012627221,0.8373323318204422,0.1626676681795578
APR_DRG_SEVERITY_MEAN,hospital_key,100,1022,3.47926707992755,2.208796296296296,5.929146024324754,5.785714285714286,6.888822597717915,5913.0,7040.376694867709,0.8398698331454986,0.16013016685450143
APR_DRG_SEVERITY_MEAN,hospital_key,101,244,7.73693739845432,5.443206854345165,11.631398100898789,14.290983606557377,9.982336365165011,3487.0,2435.690073100263,1.4316271345481897,0.4316271345481897
APR_DRG_SEVERITY_MEAN,hospital_key,102,440,0.7572016061333554,0.5407076605977326,1.298198442755131,2.440909090909091,2.5213222900731727,1074.0,1109.381807632196,0.9681067353108008,0.031893264689199174
APR_DRG_SEVERITY_MEAN,hospital_key,103,28,3.713919631906697,2.1922479739453156,6.744973456654145,5.785714285714286,4.095136881034459,162.0,114.66383266896486,1.4128256157954786,0.4128256157954786
APR_DRG_SEVERITY_MEAN,hospital_key,104,594,2.212850687372905,1.3605329303378724,3.265636312682366,3.65993265993266,4.73766466561201,2174.0,2814.1728113735335,0.7725183013686072,0.22748169863139278
APR_DRG_SEVERITY_MEAN,hospital_key,105,99,2.750804334226639,1.888,4.909515493243886,4.151515151515151,4.9383938871303314,411.0,488.90099482590284,0.8406610016131317,0.15933899838686827
APR_DRG_SEVERITY_MEAN,hospital_key,106,27,3.035381859692208,1.6340361445783134,5.583874378866707,3.6296296296296298,4.383048735607671,98.0,118.34231586140713,0.8281061536329034,0.1718938463670966
APR_DRG_SEVERITY_MEAN,hospital_key,107,934,3.8193348180449203,2.4827306933880635,6.6554685688310675,5.296573875802998,7.316562426284738,4947.0,6833.669306149945,0.7239156269309021,0.27608437306909794
APR_DRG_SEVERITY_MEAN,hospital_key,108,552,2.0471524166127137,1.1129401005944217,4.190994360091065,3.619565217391304,4.46162286774031,1998.0,2462.815822992651,0.811266511018336,0.18873348898166398
APR_DRG_SEVERITY_MEAN,hospital_key,109,185,5.614134801383741,3.208835341365462,7.462976472592881,8.183783783783785,8.91564931349868,1514.0,1649.3951229972558,0.9179122569786566,0.08208774302134336
APR_DRG_SEVERITY_MEAN,hospital_key,110,985,2.9541499181779645,1.7710360618202632,5.593687922091077,5.314720812182741,6.078823666799017,5235.0,5987.641311797031,0.8743008686385146,0.12569913136148536
APR_DRG_SEVERITY_MEAN,hospital_key,111,1186,4.289566574750183,1.8361581920903955,7.27433731083623,6.093591905564924,6.878557794114761,7227.0,8157.969543820107,0.8858821991404292,0.1141178008595708
APR_DRG_SEVERITY_MEAN,hospital_key,112,2443,2.9598001868999417,1.5999999999999996,5.638167924061555,5.383544821940237,5.233320836929661,13152.0,12785.00280461916,1.0287052886095767,0.028705288609576662
APR_DRG_SEVERITY_MEAN,hospital_key,113,2824,2.477311456239795,1.3022875816993462,4.629969679974499,4.4171388101983,4.966735406490231,12474.0,14026.06078792841,0.8893444986874577,0.11065550131254231
APR_DRG_SEVERITY_MEAN,hospital_key,114,3067,2.621898113358117,1.3630573248407645,5.426437925059513,5.005542875774372,5.247518221785574,15352.0,16094.138386216357,0.9538876596928014,0.046112340307198574
APR_DRG_SEVERITY_MEAN,hospital_key,115,1314,2.502263074554854,1.523252390282551,5.229914000228825,4.061643835616438,4.731201946272925,5337.0,6216.799357402624,0.858480335808971,0.14151966419102902
APR_DRG_SEVERITY_MEAN,hospital_key,116,1300,3.0906247713709485,1.8195382882882882,5.7375532015937845,5.337692307692308,6.001936577976936,6939.0,7802.517551370017,0.8893283423350461,0.1106716576649539
APR_DRG_SEVERITY_MEAN,hospital_key,117,17,6.432878323304224,5.277777777777779,8.244811462901103,12.705882352941176,7.293931939902207,216.0,123.99684297833753,1.7419798344199424,0.7419798344199424
APR_DRG_SEVERITY_MEAN,hospital_key,118,419,2.0434456570689634,1.1055718475073313,3.258689069935905,4.126491646778043,5.060473185518634,1729.0,2120.338264732308,0.8154359277283928,0.1845640722716072
APR_DRG_SEVERITY_MEAN,hospital_key,119,677,2.86242350069519,1.427777777777778,5.5176941853568175,4.867060561299852,5.240718243196125,3295.0,3547.966250643776,0.9287010549782215,0.07129894502177847
APR_DRG_SEVERITY_MEAN,hospital_key,120,695,2.7242736176611873,1.823529411764706,4.322188125957063,4.660431654676259,4.9360687526605345,3239.0,3430.5677830990717,0.9441585780514691,0.05584142194853092
APR_DRG_SEVERITY_MEAN,hospital_key,121,16,5.773092255433557,2.5,9.060188115879328,8.375,3.7214092423841345,134.0,59.54254787814615,2.25049153546857,1.2504915354685702
APR_DRG_SEVERITY_MEAN,hospital_key,122,1428,3.064505750288778,1.8219558832600267,5.912385972790531,4.492296918767507,5.55180782602412,6415.0,7927.981575562444,0.8091592972130354,0.19084070278696463
APR_DRG_SEVERITY_MEAN,hospital_key,123,615,2.718015652332683,1.494470774091627,6.099766778980176,4.4991869918699186,4.6169351836604395,2767.0,2839.4151379511704,0.974496459857778,0.025503540142222003
APR_DRG_SEVERITY_MEAN,hospital_key,124,941,2.4545064276402893,1.311897106109325,4.255771731163983,4.269925611052073,5.027444871672915,4018.0,4730.825624244213,0.8493232089149149,0.15067679108508514
APR_DRG_SEVERITY_MEAN,hospital_key,125,2826,2.6516515791502466,1.7491039426523294,4.283958702818725,4.483722576079264,5.6318046120951,12671.0,15915.479833780752,0.7961431343782477,0.20385686562175231
APR_DRG_SEVERITY_MEAN,hospital_key,126,309,7.616823368404798,6.428571428571429,9.96206938141367,14.974110032362459,8.34672108511305,4627.0,2579.136815299932,1.7940110708946313,0.7940110708946313
APR_DRG_SEVERITY_MEAN,hospital_key,127,399,10.839873028602305,5.558490566037737,19.92351243963183,19.81453634085213,13.853919678500402,7906.0,5527.71395172166,1.4302476700223605,0.43024767002236053
APR_DRG_SEVERITY_MEAN,hospital_key,128,244,4.189382623578093,2.2492112768226473,7.991934688706043,6.516393442622951,7.210761698853148,1590.0,1759.4258545201683,0.9037038963108939,0.09629610368910613
APR_DRG_SEVERITY_MEAN,hospital_key,129,611,2.645321591482129,1.2764465225014612,4.798673242082442,5.497545008183306,4.832823899449148,3359.0,2952.8554025634294,1.1375430023034616,0.13754300230346161
APR_DRG_SEVERITY_MEAN,hospital_key,130,896,2.2692370943611744,1.2974104590212023,4.016369098219915,5.119419642857143,4.605041062031673,4587.0,4126.116791580379,1.111699021549774,0.11169902154977396
APR_DRG_SEVERITY_MEAN,hospital_key,131,339,3.741853781707593,2.108552631578948,6.4946015302218,7.286135693215339,6.185448304275495,2470.0,2096.8669751493926,1.1779478761756088,0.1779478761756088
APR_DRG_SEVERITY_MEAN,hospital_key,132,838,2.379888119162572,1.3953738087781309,3.77578281201774,5.502386634844869,6.210285008131264,4611.0,5204.218836814,0.8860119346600794,0.11398806533992056
APR_DRG_SEVERITY_MEAN,hospital_key,133,1275,2.166867730875747,1.0160089731824207,4.945865044045163,3.556078431372549,4.6396270771530315,4534.0,5915.524523370115,0.7664578148713259,0.23354218512867408
APR_DRG_SEVERITY_MEAN,hospital_key,134,1406,2.8793196097076996,1.5407969639468693,5.295997032024961,5.181365576102418,5.546604985119834,7285.0,7798.526609078487,0.9341508165810865,0.06584918341891355
APR_DRG_SEVERITY_MEAN,hospital_key,135,40,2.0796459374775127,1.5,2.935861719319327,2.85,3.8760574908147403,114.0,155.04229963258962,0.7352832115503362,0.26471678844966384
APR_DRG_SEVERITY_MEAN,hospital_key,136,885,3.4970510212295642,1.6999999999999993,6.291754847795977,5.871186440677966,6.3421384024103595,5196.0,5612.7924861331685,0.9257424023491183,0.07425759765088169
APR_DRG_SEVERITY_MEAN,hospital_key,137,293,7.663613582321174,4.857385398981325,11.880566418330005,15.42320819112628,10.75900583193752,4519.0,3152.388708757693,1.4335161103215812,0.4335161103215812
APR_DRG_SEVERITY_MEAN,hospital_key,138,39,44.32534672683612,35.105769230769226,56.90427294955971,52.333333333333336,11.425606781075308,2041.0,445.598664461937,4.580354841198906,3.580354841198906
APR_DRG_SEVERITY_MEAN,hospital_key,139,3008,4.534430820336993,2.1044776119402986,9.035351363634984,8.08843085106383,7.205252032574238,24330.0,21673.39811398331,1.1225743130839596,0.12257431308395961
APR_DRG_SEVERITY_MEAN,hospital_key,140,203,3.860975552138002,2.383880597014925,6.751062381416542,5.650246305418719,6.685751357597752,1147.0,1357.2075255923437,0.8451176245131709,0.15488237548682915
APR_DRG_SEVERITY_MEAN,hospital_key,141,30,3.2098538095013622,2.283452234846985,4.307929534989699,4.066666666666666,5.152046960866526,122.0,154.56140882599578,0.7893302793153678,0.2106697206846322
APR_DRG_SEVERITY_MEAN,hospital_key,142,429,9.659374645095868,6.508241758241758,16.084371079723965,11.937062937062937,13.545650075327282,5121.0,5811.0838823154045,0.8812469590371077,0.1187530409628923
APR_DRG_SEVERITY_MEAN,hospital_key,143,2315,3.372490675192195,1.6940789473684212,7.261849332603723,6.363714902807775,6.0489122399622595,14732.0,14003.23183551263,1.0520428550385912,0.052042855038591185
APR_DRG_SEVERITY_MEAN,hospital_key,144,1791,2.8307853587648273,1.4649999999999999,6.740221677615693,5.388051367950865,5.477986474383863,9650.0,9811.073775621498,0.9835824519002463,0.01641754809975371
APR_DRG_SEVERITY_MEAN,hospital_key,145,4133,3.7794573986211994,1.981264637002342,7.4311544713889655,6.478586982821195,6.004491991065935,26776.0,24816.56539907551,1.0789567198125445,0.07895671981254448
APR_DRG_SEVERITY_MEAN,hospital_key,146,2118,3.2530121705859067,1.9206423684688503,6.718241129816173,4.971199244570349,5.490692259943687,10529.0,11629.28620656073,0.9053866086862669,0.09461339131373314
APR_DRG_SEVERITY_MEAN,hospital_key,147,248,22.02931432638083,8.60691823899371,36.454155120653574,26.27016129032258,7.077489457355116,6515.0,1755.2173854240689,3.711790946296914,2.711790946296914
APR_DRG_SEVERITY_MEAN,hospital_key,148,1686,3.3806037496687154,1.8007590132827325,7.203155595390824,5.970937129300118,6.2247288232665445,10067.0,10494.892796027394,0.9592284738545054,0.04077152614549462
APR_DRG_SEVERITY_MEAN,hospital_key,149,2376,3.2927552170700456,1.5578947368421057,6.798005323888824,6.0993265993265995,5.320635732234333,14492.0,12641.830499788775,1.1463529747722956,0.14635297477229559
APR_DRG_SEVERITY_MEAN,hospital_key,150,864,3.334331653410445,1.3630373293728932,8.010169049394943,5.885416666666667,5.646130973841,5085.0,4878.257161398624,1.0423804715006255,0.042380471500625516
APR_DRG_SEVERITY_MEAN,hospital_key,151,1644,3.5763220341190083,1.9688163945889248,6.341601973883261,6.626520681265207,6.320993302011453,10894.0,10391.712988506828,1.0483353429842317,0.0483353429842317
APR_DRG_SEVERITY_MEAN,hospital_key,152,1374,3.37599967331449,1.413199426111908,7.3298243016355675,5.473071324599709,4.80619563171924,7520.0,6603.712797982236,1.1387533392272504,0.13875333922725042
APR_DRG_SEVERITY_MEAN,hospital_key,153,555,2.7010226121558363,1.7928994082840237,4.350827758003084,5.686486486486486,6.073676053092791,3156.0,3370.890209466499,0.9362511989079262,0.06374880109207381
APR_DRG_SEVERITY_MEAN,hospital_key,154,1653,4.083148893429313,1.6724137931034484,9.87686885226686,7.531760435571688,5.765175679493483,12450.0,9529.835398202727,1.3064234039496632,0.30642340394966316
APR_DRG_SEVERITY_MEAN,hospital_key,155,2143,4.821053260357399,1.9637681159420288,11.381503406077954,8.252916472235185,6.620690577836691,17686.0,14188.139908304029,1.2465340851092641,0.2465340851092641
APR_DRG_SEVERITY_MEAN,hospital_key,156,3426,2.7854343195523454,1.5571145124716557,5.242619701402777,4.318447168709866,5.648148438652256,14795.0,19350.55655082263,0.7645774921843804,0.23542250781561957
APR_DRG_SEVERITY_MEAN,hospital_key,157,3747,2.693247356462213,1.0291262135922334,6.243764616217524,5.488657592740859,5.39795250818539,20566.0,20226.128048170656,1.0168036092236687,0.016803609223668747
APR_DRG_SEVERITY_MEAN,hospital_key,158,3434,2.8693516142941435,1.340790238233585,5.81956920427793,5.510483401281305,5.471127528883511,18923.0,18787.85193418598,1.0071933750748858,0.007193375074885822
APR_DRG_SEVERITY_MEAN,hospital_key,159,633,4.678420249592702,2.202205882352941,9.904117050873134,8.37914691943128,7.305572962362097,5304.0,4624.427685175207,1.146952739039111,0.146952739039111
APR_DRG_SEVERITY_MEAN,hospital_key,160,48,10.373242561297522,8.486449656443131,13.70654736635957,14.5625,6.782077245483907,699.0,325.5397077832275,2.1472035001808583,1.1472035001808583
APR_DRG_SEVERITY_MEAN,hospital_key,161,1418,2.2728500427227347,1.2873100118169594,4.413935875193479,4.094499294781382,4.535955055221418,5806.0,6431.984268303971,0.9026763371625854,0.09732366283741456
APR_DRG_SEVERITY_MEAN,hospital_key,162,871,3.2287225931374612,1.5628997867803838,7.157865974918529,5.887485648679679,5.079419089313348,5128.0,4424.174026791927,1.1590864122762445,0.15908641227624454
APR_DRG_SEVERITY_MEAN,hospital_key,163,1081,3.8827237989963552,2.253164556962025,7.025737371002882,7.0638297872340425,5.821296238145769,7636.0,6292.821233435577,1.2134461979354707,0.2134461979354707
APR_DRG_SEVERITY_MEAN,hospital_key,164,1118,2.37940397494475,1.1579489867225718,5.0199691688227075,4.3550983899821105,4.800314380807646,4869.0,5366.751477742948,0.9072527431524958,0.09274725684750418
APR_DRG_SEVERITY_MEAN,hospital_key,165,3290,4.980518720627596,1.8867132867132868,11.462536046310152,8.331306990881458,6.282300061257528,27410.0,20668.767201537266,1.3261555337447193,0.3261555337447193
APR_DRG_SEVERITY_MEAN,hospital_key,166,1270,4.4801975774532785,2.511576289207868,7.734585309098621,6.566141732283465,7.509374196321629,8339.0,9536.90522932847,0.8743926671678985,0.12560733283210146
APR_DRG_SEVERITY_MEAN,hospital_key,167,1262,3.348315629514659,1.807950191570881,6.621490582773342,5.589540412044374,5.614759414602378,7054.0,7085.8263812282,0.995508444673085,0.004491555326915031
APR_DRG_SEVERITY_MEAN,hospital_key,168,578,3.8573708876604975,1.2174919484702094,9.984395669603892,6.117647058823529,5.245871206840961,3536.0,3032.1135575540757,1.1661832358456905,0.1661832358456905
APR_DRG_SEVERITY_MEAN,hospital_key,169,1171,1.8786887710131044,1.0434782608695654,2.9549763646072806,2.69598633646456,3.4490787406853984,3157.0,4038.8712053426016,0.781654041313309,0.21834595868669104
APR_DRG_SEVERITY_MEAN,hospital_key,170,3553,2.3925682629275005,1.25,4.470020361971302,3.9859273853081905,4.780397678441471,14162.0,16984.752951502545,0.8338066523803732,0.16619334761962679
APR_DRG_SEVERITY_MEAN,hospital_key,171,2898,4.731338409453727,3.1367231638418076,7.9509221014122025,7.3685300207039335,8.66911316759084,21354.0,25123.089959678255,0.8499750641450744,0.1500249358549256
APR_DRG_SEVERITY_MEAN,hospital_key,172,944,4.68427323577811,2.123149840783111,9.928638910896408,6.960805084745763,7.464569659987516,6571.0,7046.553759028216,0.9325125763187537,0.06748742368124627
APR_DRG_SEVERITY_MEAN,hospital_key,173,5678,3.5365636440173644,1.545336787564767,7.859161881849335,6.254491017964072,6.079595489518617,35513.0,34519.94318948671,1.0287676258637568,0.028767625863756807
APR_DRG_SEVERITY_MEAN,hospital_key,174,3235,4.030495636576593,2.195402298850574,7.669478372978628,6.610200927357033,6.6752266259883655,21384.0,21594.35813507236,0.9902586530353634,0.009741346964636577
APR_DRG_SEVERITY_MEAN,hospital_key,175,35,1.2711734693877552,0.1428571428571428,2.0333973679656325,2.5714285714285716,3.291071428571428,90.0,115.18749999999999,0.7813347802495931,0.21866521975040687
APR_DRG_SEVERITY_MEAN,hospital_key,176,5666,3.2670328333738556,1.923437138226441,6.1541165827178075,4.757147899752912,6.232315590881341,26954.0,35312.30013793368,0.7633034351972188,0.23669656480278123
APR_DRG_SEVERITY_MEAN,hospital_key,177,5092,3.7764162855051575,1.80429292929293,8.093518484829625,6.208955223880597,6.262962146278988,31616.0,31891.00324885261,0.9913767764937749,0.00862322350622513
APR_DRG_SEVERITY_MEAN,hospital_key,178,2923,2.862424347328753,1.1846153846153844,6.903161808480885,5.156688333903523,4.975249843779561,15073.0,14542.655293367656,1.0364682168375547,0.036468216837554746
APR_DRG_SEVERITY_MEAN,hospital_key,179,1940,3.74183759450897,1.9504854024943312,7.352591705836174,6.3639175257731955,6.000053216949407,12346.0,11640.10324088185,1.060643513593499,0.060643513593499065
APR_DRG_SEVERITY_MEAN,hospital_key,180,66,35.27132493373751,29.0078125,47.437608260700934,50.59090909090909,19.082030356998033,3339.0,1259.4140035618702,2.651233026277818,1.651233026277818
APR_DRG_SEVERITY_MEAN,hospital_key,181,2424,3.691274035739783,1.5822265153344603,9.07263550478841,6.5,5.384412901459737,15756.0,13051.816873138403,1.2071882522675448,0.20718825226754478
APR_DRG_SEVERITY_MEAN,hospital_key,182,1430,2.200463737622417,0.9542212285744704,5.4477090085812545,4.15944055944056,4.4598648719544185,5948.0,6377.606766894818,0.9326382477632768,0.06736175223672325
APR_DRG_SEVERITY_MEAN,hospital_key,183,1856,3.7449748527089914,2.0,7.169839924623248,5.749461206896552,6.44240767973136,10671.0,11957.108653581405,0.8924398288213106,0.10756017117868943
APR_DRG_SEVERITY_MEAN,hospital_key,184,4732,3.652071134093884,1.538732394366197,8.495568311244645,6.776415891800507,5.717021534136568,32066.0,27052.94589953424,1.1853052942582518,0.18530529425825182
APR_DRG_SEVERITY_MEAN,hospital_key,185,1486,3.6760032937379634,1.8016563146997928,8.654689934399967,6.048452220726784,5.697267086446445,8988.0,8466.138890459417,1.0616409813603074,0.06164098136030738
APR_DRG_SEVERITY_MEAN,hospital_key,186,1010,3.7303505583409207,1.7797013864201916,7.4286073878132415,6.594059405940594,5.992297981431726,6660.0,6052.220961246043,1.1004224800524842,0.10042248005248422
APR_DRG_SEVERITY_MEAN,hospital_key,187,3340,2.797755146872946,1.4984098939929327,5.56416720675682,5.2850299401197605,5.439849417305641,17652.0,18169.09705380084,0.9715397494839917,0.028460250516008312
APR_DRG_SEVERITY_MEAN,hospital_key,188,1764,2.3173875764831533,1.2004200690954776,4.462639320117557,4.49546485260771,4.5755046596840465,7930.0,8071.190219682658,0.982506889834123,0.017493110165876957
APR_DRG_SEVERITY_MEAN,hospital_key,189,1113,3.375704380137834,1.9867986798679866,6.601310326588607,5.656783468104223,5.737453938713755,6296.0,6385.78623378841,0.9859396743797445,0.014060325620255498
APR_DRG_SEVERITY_MEAN,hospital_key,190,930,3.730160752103027,1.2259670624281886,9.81498489745496,7.464516129032258,5.935234445389984,6942.0,5519.768034212685,1.2576615460961442,0.2576615460961442
APR_DRG_SEVERITY_MEAN,hospital_key,191,895,3.6119442061685616,1.659209761766415,6.717166747187041,6.170949720670391,5.263752552300898,5523.0,4711.0585343093035,1.1723479892634654,0.1723479892634654
APR_DRG_SEVERITY_MEAN,hospital_key,192,1578,3.0935206568577573,1.1143356643356643,7.195342013615653,5.3751584283903675,5.316430948314418,8482.0,8389.32803644015,1.0110464107682184,0.01104641076821844
APR_DRG_SEVERITY_MEAN,hospital_key,193,3667,3.3328511026614605,1.4968354430379747,6.600029819308886,6.071720752658849,5.3852897149761825,22265.0,19747.85738481766,1.1274640871732011,0.12746408717320112
APR_DRG_SEVERITY_MEAN,hospital_key,194,2865,2.6575182701692155,1.3831578947368421,5.014789298135663,5.2471204188481675,5.08672024225536,15033.0,14573.453494061607,1.0315331233002287,0.03153312330022873
APR_DRG_SEVERITY_MEAN,hospital_key,195,2117,2.2299907316157435,1.265831593597773,4.461473311944451,3.929617383089277,4.662686552188653,8319.0,9870.907430983378,0.8427796591312202,0.15722034086877978
APR_DRG_SEVERITY_MEAN,hospital_key,196,2257,2.289209311646355,1.0457787714255296,5.744044344094491,3.864864864864865,4.395523073532948,8723.0,9920.695576963863,0.8792730239858437,0.12072697601415627
APR_DRG_SEVERITY_MEAN,hospital_key,197,1436,2.656795995486545,1.2139423076923077,5.794575056182314,4.704038997214485,4.813632469284147,6755.0,6912.376225892034,0.9772326880440126,0.022767311955987357
APR_DRG_SEVERITY_MEAN,hospital_key,198,52,11.514384878869201,13.24390243902439,13.627472789092282,19.807692307692307,11.322737034528132,1030.0,588.7823257954628,1.7493731636873417,0.7493731636873417
APR_DRG_SEVERITY_MEAN,hospital_key,199,55,9.764712252516116,10.75609756097561,11.535063996786,18.054545454545455,10.20250851249643,993.0,561.1379681873036,1.7696182691179865,0.7696182691179865
APR_DRG_SEVERITY_MEAN,hospital_key,200,1798,1.1794004165676237,0.4510083036773427,3.9113469268430823,3.661846496106785,3.2981102204963584,6584.0,5930.002176452453,1.1102862704072047,0.11028627040720473
APR_DRG_SEVERITY_MEAN,hospital_key,201,52,3.1432653185392163,2.5159630329762654,4.195524991468102,3.8461538461538463,5.60283682938108,200.0,291.34751512781617,0.6864654394332439,0.3135345605667561
APR_DRG_SEVERITY_MEAN,hospital_key,202,45,23.389865555454627,12.791469194312796,34.3519516469903,27.355555555555554,7.400756077669571,1231.0,333.03402349513067,3.6963190339559966,2.6963190339559966
APR_DRG_SEVERITY_MEAN,hospital_key,203,131,4.338190999271451,2.843137254901961,6.523786850204838,4.312977099236641,5.917095210089414,565.0,775.1394725217133,0.7289010817136179,0.2710989182863821
APR_DRG_SEVERITY_MEAN,hospital_key,204,21,11.948984880548533,13.75609756097561,13.326828233860098,18.761904761904763,10.24627050246335,394.0,215.17168055173033,1.8310959834013882,0.8310959834013882
APR_DRG_SEVERITY_MEAN,hospital_key,205,16,2.857531034369503,2.019395909118015,4.369448846685697,2.625,5.4706117189660795,42.0,87.52978750345727,0.47983664987580454,0.5201633501241955
APR_DRG_SEVERITY_MEAN,hospital_key,206,282,2.3563660118438965,1.3190245478036173,3.680591184543802,4.797872340425532,5.263269053393073,1353.0,1484.2418730568465,0.9115764920534485,0.08842350794655152
XGBOOST,hospital_key,1,4333,3.6670876468215616,1.899815559387207,6.843929827045417,6.406646665128087,6.5666613987624,27760.0,28453.34384083748,0.9756322545175741,0.02436774548242593
XGBOOST,hospital_key,2,2628,2.8484131859408484,1.7668702602386475,4.458984693403965,4.545662100456621,6.04984452794313,11946.0,15898.991419434547,0.7513684160743364,0.24863158392566365
XGBOOST,hospital_key,3,133,7.111307683743928,5.3696088790893555,10.51123142744967,7.93984962406015,10.711285449508438,1056.0,1424.6009647846222,0.7412602027541453,0.2587397972458547
XGBOOST,hospital_key,5,223,2.452532885320518,1.631159782409668,3.845419614930883,2.717488789237668,4.7843791374711175,606.0,1066.9165476560593,0.5679919402612504,0.43200805973874956
XGBOOST,hospital_key,6,371,6.18553934778486,3.9551053047180176,9.77057204619231,9.495956873315365,10.83432453404861,3523.0,4019.5344021320343,0.8764696722414757,0.12353032775852435
XGBOOST,hospital_key,7,990,2.681258943466225,1.683206558227539,4.483072668513802,4.725252525252525,5.111703746848637,4678.0,5060.58670938015,0.92439874438452,0.07560125561548003
XGBOOST,hospital_key,8,1546,3.1689736033472946,1.6927850246429443,5.542709954862064,5.546571798188874,5.866334323741177,8575.0,9069.35286450386,0.9454919362065306,0.0545080637934694
XGBOOST,hospital_key,9,739,2.9959846831787584,1.7793045043945312,4.7193736338262235,5.454668470906631,5.82928405288753,4031.0,4307.840915083885,0.9357355760017674,0.06426442399823262
XGBOOST,hospital_key,10,553,3.1321287353474236,1.7510535717010498,6.994518283072478,5.092224231464738,5.808592701906752,2816.0,3212.151764154434,0.8766709068434327,0.12332909315656726
XGBOOST,hospital_key,11,117,2.494512187110053,1.9615364074707031,3.430519524707886,4.102564102564102,5.013362953805516,480.0,586.5634655952454,0.8183257706186924,0.18167422938130762
XGBOOST,hospital_key,12,693,3.3327933401944487,1.7101294994354248,6.774719285785631,4.982683982683983,5.603662759366662,3453.0,3883.3382922410965,0.8891834138939397,0.11081658610606027
XGBOOST,hospital_key,13,21,2.5898239271981374,2.550360679626465,3.042242117038539,3.4285714285714284,5.13274149667649,72.0,107.7875714302063,0.6679805384298952,0.33201946157010476
XGBOOST,hospital_key,14,935,2.4157388497163903,1.2963979244232178,5.0318897205526545,4.227807486631016,4.640246569919076,3953.0,4338.630542874336,0.9111169897820208,0.08888301021797917
XGBOOST,hospital_key,15,104,8.378557301484621,5.809895038604736,11.62920090258625,10.60576923076923,12.469027542150938,1103.0,1296.7788643836975,0.8505690756489989,0.14943092435100114
XGBOOST,hospital_key,16,146,2.714479635839593,1.7220393419265747,3.7466835126031692,2.993150684931507,5.145843835726176,437.0,751.2932000160217,0.5816637232849715,0.4183362767150285
XGBOOST,hospital_key,17,914,3.9402002115740036,1.7462717294692993,8.202343049227045,6.378555798687089,5.6937595594111885,5830.0,5204.0962373018265,1.120271365892858,0.12027136589285803
XGBOOST,hospital_key,18,367,4.3360027532811385,2.232891082763672,8.91510667531569,7.885558583106267,6.383760956392626,2894.0,2342.8402709960938,1.235252797993596,0.2352527979935961
XGBOOST,hospital_key,19,411,3.7527137901951217,1.8585681915283203,8.921701663869959,5.45985401459854,5.3360394941339235,2244.0,2193.1122320890427,1.0232034490375737,0.023203449037573654
XGBOOST,hospital_key,20,13,3.797591887987577,3.0908260345458984,4.2833320499349,3.6153846153846154,6.244929552078247,47.0,81.18408417701721,0.5789312089487788,0.4210687910512212
XGBOOST,hospital_key,21,14,2.1634055886949812,1.499623417854309,3.144371686233556,4.5,5.146142687116351,63.0,72.0459976196289,0.8744413580420138,0.12555864195798616
XGBOOST,hospital_key,22,22,3.0097937909039585,2.8988890647888184,3.54435455358672,3.772727272727273,6.477667364207181,83.0,142.50868201255798,0.5824206555547681,0.4175793444452319
XGBOOST,hospital_key,23,1008,4.2172566670037455,2.2832510471343994,8.040975508366667,7.374007936507937,7.507012908539129,7433.0,7567.069011807442,0.9822825704908672,0.017717429509132798
XGBOOST,hospital_key,24,2610,2.8000706668557793,1.6750386953353882,4.727325619159541,5.267432950191571,5.8788963216931425,13748.0,15343.919399619102,0.8959901079994776,0.10400989200052235
XGBOOST,hospital_key,25,680,2.039790575118626,1.2742352485656738,3.107105792452907,4.2102941176470585,4.734994411994429,2863.0,3219.796200156212,0.889186713078641,0.11081328692135906
XGBOOST,hospital_key,26,2815,3.7540069905733344,2.0659217834472656,6.9832729799818685,6.806039076376554,6.444806118036883,19159.0,18142.129222273827,1.05605024444858,0.05605024444857998
XGBOOST,hospital_key,27,1529,2.5009881204214652,1.028914451599121,6.265825943164894,4.70372792674951,4.905852472961456,7192.0,7501.048431158066,0.9587993019916614,0.04120069800833859
XGBOOST,hospital_key,28,1734,4.642594341794513,2.129910469055176,9.043170236300737,8.26643598615917,6.819355668974858,14334.0,11824.762730002403,1.2122019128240966,0.21220191282409662
XGBOOST,hospital_key,29,2113,2.4737032727218047,1.4438695907592773,4.265728078166999,4.810222432560341,5.449689463958659,10164.0,11515.193837344646,0.8826599138120782,0.1173400861879218
XGBOOST,hospital_key,30,498,4.618972157378752,2.4989895820617676,8.423069440905783,8.355421686746988,7.819835107010531,4161.0,3894.2778832912445,1.0684907766477454,0.06849077664774539
XGBOOST,hospital_key,31,1307,2.3151160805117748,0.9789161682128906,6.334409007377246,4.944912012241775,4.528602348271453,6463.0,5918.883269190788,1.0919289511319594,0.09192895113195942
XGBOOST,hospital_key,32,3976,3.296141314224698,1.5831420421600342,7.6066020456101056,6.062374245472837,5.8270269524103675,24104.0,23168.259162783623,1.0403889144472065,0.04038891444720649
XGBOOST,hospital_key,33,694,3.451784124979025,2.029163658618927,6.860560253052827,6.2982708933717575,6.210989196980721,4371.0,4310.42650270462,1.0140527850915384,0.0140527850915384
XGBOOST,hospital_key,34,62,2.0553941092183514,1.609641671180725,2.7789783248253017,3.5161290322580645,3.6520562575709437,218.0,226.4274879693985,0.9627806321353639,0.03721936786463609
XGBOOST,hospital_key,35,153,3.063326280101452,1.5492820739746094,5.981252497325695,6.143790849673203,5.637756095992194,940.0,862.5766826868057,1.0897581848283118,0.08975818482831177
XGBOOST,hospital_key,36,63,6.76002788165259,2.2788500785827637,12.510974201587961,9.428571428571429,4.98936564960177,594.0,314.3300359249115,1.8897335033610891,0.8897335033610891
XGBOOST,hospital_key,37,236,2.4714131905870924,1.2076184749603271,4.424065890804925,4.8559322033898304,5.226319625721139,1146.0,1233.411431670189,0.929130353890248,0.070869646109752
XGBOOST,hospital_key,38,77,4.521443219927998,2.399749755859375,10.957501666090659,6.675324675324675,6.335200264856413,514.0,487.8104203939438,1.0536880281993692,0.05368802819936924
XGBOOST,hospital_key,39,269,1.932730756284579,1.2569537162780762,2.8401815308019454,3.907063197026022,4.903651070860682,1051.0,1319.0821380615234,0.7967661525191392,0.20323384748086082
XGBOOST,hospital_key,40,522,2.5888948244153314,1.7198443412780762,4.576428570910567,3.9310344827586206,4.873961513526595,2052.0,2544.2079100608826,0.8065378587518407,0.1934621412481593
XGBOOST,hospital_key,41,49,8.589024582687689,6.095420837402344,11.061328109687366,16.918367346938776,14.616371193710638,829.0,716.2021884918213,1.1574943686582533,0.15749436865825328
XGBOOST,hospital_key,42,85,2.5892844845266905,2.253918170928955,3.371100560370303,4.035294117647059,5.747847060596242,343.0,488.56700015068054,0.7020531470488475,0.29794685295115253
XGBOOST,hospital_key,43,1086,3.1514625094872155,1.4907525777816772,7.443187994411236,5.04696132596685,5.3992207939453545,5481.0,5863.553782224655,0.9347573508433801,0.06524264915661993
XGBOOST,hospital_key,44,12,1.497756818930308,1.4299595355987549,1.7002766183382056,3.0833333333333335,4.2404865225156145,37.0,50.88583827018738,0.727117824089719,0.27288217591028097
XGBOOST,hospital_key,45,135,1.413632552712052,0.9994931221008301,2.0509273722470485,2.8444444444444446,3.297192758101004,384.0,445.12102234363556,0.8626867317525843,0.13731326824741574
XGBOOST,hospital_key,46,96,2.3834949458638826,2.003736734390259,3.036011314428621,3.25,5.033068430920442,312.0,483.1745693683624,0.6457293487276595,0.3542706512723405
XGBOOST,hospital_key,47,255,2.703019661061904,1.7319860458374023,4.362603360309634,4.325490196078431,5.426478585074929,1103.0,1383.752039194107,0.797108129750171,0.20289187024982902
XGBOOST,hospital_key,48,349,2.126042205488101,1.1656508445739746,3.565779942718717,3.6074498567335245,4.4980089281896465,1259.0,1569.8051159381866,0.802010381554633,0.197989618445367
XGBOOST,hospital_key,49,85,2.0376578106599696,1.3415474891662598,3.246251483641207,4.258823529411765,4.2006432364968695,362.0,357.0546751022339,1.013850329494636,0.013850329494635938
XGBOOST,hospital_key,50,1994,2.9469915155541813,1.3846864700317383,7.165516998753184,5.180040120361083,4.709630299535175,10329.0,9391.00281727314,1.0998825366127647,0.0998825366127647
XGBOOST,hospital_key,51,3278,3.891354527213066,1.8490543365478516,8.801619873852038,6.726052471018914,5.809712547911166,22048.0,19044.237732052803,1.1577255183541242,0.15772551835412418
XGBOOST,hospital_key,52,46,10.667371174563533,4.4235734939575195,19.964380457801127,17.82608695652174,12.427690801413164,820.0,571.6737768650055,1.4343844919681072,0.43438449196810724
XGBOOST,hospital_key,53,4766,4.932333835623017,2.10329806804657,10.917376368067575,7.840327318506085,7.20905013740738,37367.0,34358.332954883575,1.087567317339498,0.08756731733949796
XGBOOST,hospital_key,54,2294,3.6696766553594427,1.8222020864486694,7.30797401565598,6.687445510026155,5.450629431263924,15341.0,12503.743915319443,1.2269125234726204,0.22691252347262036
XGBOOST,hospital_key,55,28,5.93375437600272,5.09345269203186,7.574563646462712,16.0,12.048352752413068,448.0,337.3538770675659,1.3279823664521682,0.32798236645216816
XGBOOST,hospital_key,56,433,2.9950197681819044,1.601313591003418,5.1313810998889755,5.249422632794457,5.911661100993255,2273.0,2559.7492567300797,0.887977599377689,0.11202240062231095
XGBOOST,hospital_key,57,689,3.4074034208137167,2.237419366836548,5.435090433815334,7.638606676342525,7.403258493399932,5263.0,5100.845101952553,1.0317898102777863,0.03178981027778627
XGBOOST,hospital_key,58,4328,2.759305181735765,1.6986353397369385,5.088593779343999,4.145101663585952,5.312342446166574,17940.0,22991.818107008934,0.780277571634541,0.21972242836545897
XGBOOST,hospital_key,59,1347,2.607428097955014,1.3472023010253906,4.7897139766588,5.539717891610987,5.578082893544334,7462.0,7513.6776576042175,0.9931221886326309,0.006877811367369091
XGBOOST,hospital_key,60,1216,2.739335316086286,1.7956641912460327,5.062332153126876,4.684210526315789,4.986780613758846,5696.0,6063.925226330757,0.9393255667577902,0.06067443324220978
XGBOOST,hospital_key,61,2269,2.8899730474952037,1.5500240325927734,5.639167958741648,5.292639929484355,5.672377220173143,12009.0,12870.62391257286,0.933055000408242,0.06694499959175804
XGBOOST,hospital_key,62,1876,3.8277454568760225,1.7770899534225464,7.87144049071383,6.59275053304904,5.891869216267742,12368.0,11053.146649718285,1.1189573785592746,0.11895737855927457
XGBOOST,hospital_key,63,5812,2.970930317641125,1.400574803352356,6.518802294859095,5.81675843083276,5.368287199542839,33807.0,31200.48520374298,1.083540841728459,0.0835408417284591
XGBOOST,hospital_key,64,434,2.045198684738528,1.3306180238723755,2.9687675493205985,3.251152073732719,4.225184777639978,1411.0,1833.7301934957504,0.7694697971407264,0.23053020285927361
XGBOOST,hospital_key,65,709,2.6100101699613885,1.6460425853729248,3.8333396302915306,4.947813822284909,5.686665573644706,3508.0,4031.845891714096,0.8700729378593911,0.1299270621406089
XGBOOST,hospital_key,66,929,2.73785674944119,1.848679780960083,4.188751940562735,5.135629709364909,5.771688746944053,4771.0,5361.898845911026,0.8897967188691662,0.11020328113083377
XGBOOST,hospital_key,67,2269,2.6420680906553002,1.6957049369812012,4.382492516082062,5.111062141912737,5.5281554069640935,11597.0,12543.384618401527,0.9245510962796156,0.07544890372038437
XGBOOST,hospital_key,68,15,4.77646324634552,2.6921119689941406,7.286508333665579,9.266666666666667,8.978521132469178,139.0,134.67781698703766,1.0320927611514399,0.032092761151439886
XGBOOST,hospital_key,69,458,3.4249425546050594,1.6447548866271973,6.775923434597446,6.5895196506550215,5.877676592903887,3018.0,2691.97587954998,1.1211095994309286,0.12110959943092858
XGBOOST,hospital_key,70,349,5.149464980579038,2.534351348876953,8.200770724852058,10.212034383954155,8.004437166845218,3564.0,2793.548571228981,1.2757966826515819,0.27579668265158186
XGBOOST,hospital_key,71,414,2.488059255811903,1.3576414585113525,4.152246475062157,4.166666666666667,5.2895606894424,1725.0,2189.8781254291534,0.7877150696055057,0.21228493039449425
XGBOOST,hospital_key,72,911,3.393668279689701,1.9975059032440186,6.719453696949152,5.806805708013172,6.163468275059722,5290.0,5614.919598579407,0.9421328136806069,0.05786718631939314
XGBOOST,hospital_key,73,1199,2.7987312891763683,1.5822179317474365,5.456293034696418,4.841534612176814,5.1486999910011,5805.0,6173.2912892103195,0.9403411775086623,0.05965882249133769
XGBOOST,hospital_key,74,1116,3.3291951549309555,1.683396339416504,8.390903660474672,5.671146953405018,5.657371330111685,6329.0,6313.62640440464,1.0024349865846727,0.0024349865846726715
XGBOOST,hospital_key,75,2029,2.969807389982232,1.6887316703796387,5.416177204876407,5.208477082306555,5.757090075783332,10568.0,11681.135763764381,0.9047065468396148,0.09529345316038518
XGBOOST,hospital_key,76,2525,3.7466396181182104,2.159050941467285,6.605500513591117,6.877227722772277,6.969613719458628,17365.0,17598.274641633034,0.9867444595346202,0.0132555404653798
XGBOOST,hospital_key,77,2418,2.710906518008514,1.2765307426452637,5.879643839327947,5.662944582299421,4.765822252722394,13693.0,11523.758207082748,1.1882408285505321,0.18824082855053215
XGBOOST,hospital_key,78,288,3.782468266785145,2.157118082046509,7.69809425914952,5.836805555555555,5.773447446525097,1681.0,1662.752864599228,1.0109740513994965,0.010974051399496476
XGBOOST,hospital_key,79,321,4.920892394220346,3.263889789581299,7.794353378169167,8.361370716510903,8.233636594264306,2684.0,2642.9973467588425,1.0155136944391714,0.015513694439171388
XGBOOST,hospital_key,80,641,2.805086749764203,1.6012096405029297,5.573859996219506,4.6786271450858035,4.956492407087603,2999.0,3177.1116329431534,0.9439391329230199,0.0560608670769801
XGBOOST,hospital_key,81,1305,2.4221416688056743,1.4214658737182617,4.023618734680457,4.146360153256705,5.0039279891156605,5411.0,6530.126025795937,0.8286210677443198,0.17137893225568024
XGBOOST,hospital_key,82,2391,2.9836533566191323,1.6862874031066895,5.3388191220671075,5.849853617733166,5.628945066259776,13987.0,13458.807653427124,1.0392451070090432,0.039245107009043156
XGBOOST,hospital_key,83,228,1.7518523544595952,0.9811663627624512,2.904760988828862,3.956140350877193,4.1627938381412575,902.0,949.1169950962067,0.9503570209577475,0.049642979042252455
XGBOOST,hospital_key,84,322,3.496897059938182,2.060028553009033,5.3912433436591485,6.226708074534161,6.830438157046063,2005.0,2199.4010865688324,0.9116118075252445,0.08838819247475549
XGBOOST,hospital_key,85,31,3.28408884233044,2.103147506713867,6.494733550458278,5.032258064516129,5.002149228126772,156.0,155.06662607192993,1.0060191799596976,0.006019179959697585
XGBOOST,hospital_key,86,420,2.263765014920916,1.5328232049942017,3.405099337798186,3.823809523809524,4.944615658691951,1606.0,2076.7385766506195,0.773327956660857,0.22667204333914304
XGBOOST,hospital_key,87,140,3.0224179693630764,2.559635639190674,4.212560421566325,4.3,5.973294906956809,602.0,836.2612869739532,0.719870702347543,0.280129297652457
XGBOOST,hospital_key,88,1014,2.8348292823609045,1.5461392402648926,5.5214563523816755,5.0788954635108485,5.537399884159043,5150.0,5614.92348253727,0.9171986076064602,0.08280139239353979
XGBOOST,hospital_key,89,375,3.3994500767389932,2.2341113090515137,5.044108991475607,5.469333333333333,7.198990377108256,2051.0,2699.621391415596,0.7597361639383515,0.24026383606164847
XGBOOST,hospital_key,90,1105,3.9208828186017897,2.54594087600708,6.623948640271121,4.934841628959276,7.16416389176209,5453.0,7916.40110039711,0.6888231067178319,0.31117689328216813
XGBOOST,hospital_key,91,175,9.524397405896869,6.8729777336120605,14.80868826562009,18.53142857142857,11.28377673285348,3243.0,1974.6609282493591,1.6423072708867998,0.6423072708867998
XGBOOST,hospital_key,92,1403,2.901152673229862,1.7148945331573486,5.522568200578173,5.145402708481825,5.876647263446707,7219.0,8244.93611061573,0.8755677306832261,0.12443226931677387
XGBOOST,hospital_key,93,2125,1.9440564017015345,0.9861245155334473,3.802144068954237,4.313411764705882,4.394175793759963,9166.0,9337.623561739922,0.9816202098312108,0.018379790168789212
XGBOOST,hospital_key,94,73,4.3113714554538465,2.539867877960205,6.387489273247309,6.47945205479452,7.645277005352386,473.0,558.1052213907242,0.847510436869497,0.152489563130503
XGBOOST,hospital_key,95,123,4.486240623443107,2.403047561645508,6.801316475404935,3.7398373983739837,7.1592415328917465,460.0,880.5867085456848,0.5223789952038951,0.4776210047961049
XGBOOST,hospital_key,96,58,7.566604312123923,3.6096696853637695,10.20893934350886,3.4482758620689653,10.733871400356293,200.0,622.564541220665,0.32125183295511683,0.6787481670448832
XGBOOST,hospital_key,97,568,2.840975670747354,1.6055808067321777,4.672491769957039,5.269366197183099,5.6583976393014614,2993.0,3213.96985912323,0.9312470655267717,0.06875293447322828
XGBOOST,hospital_key,99,1209,2.8804355001922874,1.7093257904052734,4.866822758394957,4.628618693134822,5.450572506369787,5596.0,6589.742160201073,0.8491986278002187,0.1508013721997813
XGBOOST,hospital_key,100,1022,3.4918494170892496,2.19805371761322,5.9230802622346355,5.785714285714286,6.852931613324906,5913.0,7003.696108818054,0.8442684988223853,0.1557315011776147
XGBOOST,hospital_key,101,244,7.12695106033419,5.377573013305664,10.476180941504605,14.290983606557377,12.479210666945724,3487.0,3044.9274027347565,1.1451832962809565,0.1451832962809565
XGBOOST,hospital_key,102,440,0.7893699429251931,0.5905027389526367,1.3117526378315862,2.440909090909091,2.492773632027886,1074.0,1096.82039809227,0.9791940429518251,0.020805957048174895
XGBOOST,hospital_key,103,28,3.625063351222447,2.2925260066986084,6.777817566647938,5.785714285714286,4.180069736071995,162.0,117.04195261001587,1.3841190819823768,0.38411908198237676
XGBOOST,hospital_key,104,594,2.1857727167983647,1.4099507331848145,3.1525926727653157,3.65993265993266,4.782079250322849,2174.0,2840.5550746917725,0.7653433722758922,0.23465662772410778
XGBOOST,hospital_key,105,99,2.7608284589016074,1.7403521537780762,4.777808538178891,4.151515151515151,5.011735451341879,411.0,496.16180968284607,0.8283587974308568,0.17164120256914317
XGBOOST,hospital_key,106,27,3.4416968204357006,2.055044174194336,5.877488764856826,3.6296296296296298,4.708740817175971,98.0,127.13600206375122,0.7708280770922682,0.2291719229077318
XGBOOST,hospital_key,107,934,3.7369245059740366,2.4881153106689453,6.361208518728447,5.296573875802998,7.313139428546138,4947.0,6830.472226262093,0.7242544638392002,0.2757455361607998
XGBOOST,hospital_key,108,552,2.116626037635665,1.2358489036560059,4.300263864905731,3.619565217391304,4.576329344856566,1998.0,2526.1337983608246,0.7909319772755015,0.20906802272449854
XGBOOST,hospital_key,109,185,4.660711231102814,2.6727170944213867,6.610317029534046,8.183783783783785,9.059549733110376,1514.0,1676.0167006254196,0.903332287461717,0.09666771253828299
XGBOOST,hospital_key,110,985,2.857885236062374,1.764723539352417,5.195333304105189,5.314720812182741,6.017970728027034,5235.0,5927.701167106628,0.8831416855238094,0.11685831447619055
XGBOOST,hospital_key,111,1186,3.383001097539223,1.721259593963623,6.054271759439909,6.093591905564924,6.495677587756821,7227.0,7703.87361907959,0.9380995012822441,0.061900498717755936
XGBOOST,hospital_key,112,2443,2.9143564584457233,1.608407974243164,5.4942752680085984,5.383544821940237,5.142286223609868,13152.0,12562.605244278908,1.046916602429222,0.04691660242922202
XGBOOST,hospital_key,113,2824,2.491942034184764,1.4636077880859375,4.492496087949874,4.4171388101983,4.982539696877469,12474.0,14070.692103981972,0.8865235560424131,0.11347644395758694
XGBOOST,hospital_key,114,3067,2.504975089216061,1.3575401306152344,5.216438261332762,5.005542875774372,5.160472989568191,15352.0,15827.170659005642,0.9699775361469758,0.030022463853024206
XGBOOST,hospital_key,115,1314,2.527306926939948,1.5682817697525024,5.21150622618405,4.061643835616438,4.780082992313478,5337.0,6281.02905189991,0.8497015307365349,0.15029846926346513
XGBOOST,hospital_key,116,1300,3.0985584445183094,1.8889144659042358,5.74306761199383,5.337692307692308,6.0222615545529585,6939.0,7828.940020918846,0.8863268822419209,0.11367311775807909
XGBOOST,hospital_key,117,17,5.008660667082843,5.310978889465332,6.048686244880541,12.705882352941176,9.884829086415907,216.0,168.04209446907043,1.2853922148640955,0.2853922148640955
XGBOOST,hospital_key,118,419,1.9971956299142224,1.2226033210754395,3.136469799932516,4.126491646778043,4.95632599504011,1729.0,2076.7005919218063,0.8325706684563327,0.16742933154366735
XGBOOST,hospital_key,119,677,2.824155003140561,1.4815287590026855,5.488453747382859,4.867060561299852,5.236369744713585,3295.0,3545.022317171097,0.9294722868287575,0.07052771317124251
XGBOOST,hospital_key,120,695,2.6845041441402846,1.7400259971618652,4.191327072686317,4.660431654676259,4.966376259858659,3239.0,3451.6315006017685,0.9383968130535668,0.061603186946433186
XGBOOST,hospital_key,121,16,5.841217398643494,2.4643752574920654,8.980871855473149,8.375,3.8328540921211243,134.0,61.32566547393799,2.1850557831605912,1.1850557831605912
XGBOOST,hospital_key,122,1428,3.0122229176409103,1.7875251770019531,5.921755618015843,4.492296918767507,5.487789501996935,6415.0,7836.5634088516235,0.8185986210172271,0.18140137898277287
XGBOOST,hospital_key,123,615,2.6628838705822706,1.5102925300598145,5.999229510798457,4.4991869918699186,4.615913306600679,2767.0,2838.7866835594177,0.9747121951870622,0.025287804812937797
XGBOOST,hospital_key,124,941,2.4887869831859497,1.5030829906463623,4.19432873081482,4.269925611052073,5.028726385453049,4018.0,4732.031528711319,0.8491067685456076,0.15089323145439237
XGBOOST,hospital_key,125,2826,2.5819492119048726,1.6555407047271729,4.186379114815869,4.483722576079264,5.5454134698970385,12671.0,15671.338465929031,0.8085461256259604,0.1914538743740396
XGBOOST,hospital_key,126,309,6.151221293075957,4.960411071777344,8.367400446112828,14.974110032362459,11.317093822176789,4627.0,3496.9819910526276,1.3231409289034473,0.32314092890344726
XGBOOST,hospital_key,127,399,10.65827877360179,5.453819274902344,19.483777791410603,19.81453634085213,13.643089762905188,7906.0,5443.59281539917,1.4523496279212915,0.4523496279212915
XGBOOST,hospital_key,128,244,3.9744093828513973,2.1166021823883057,7.569378739140311,6.516393442622951,7.202859020624005,1590.0,1757.497601032257,0.9046954027511172,0.09530459724888285
XGBOOST,hospital_key,129,611,2.5702115271953825,1.2755944728851318,4.631444798610158,5.497545008183306,4.835558558837091,3359.0,2954.526279449463,1.1368996862082084,0.13689968620820836
XGBOOST,hospital_key,130,896,2.2495142133640393,1.3304420709609985,3.994763219069157,5.119419642857143,4.618422837395753,4587.0,4138.106862306595,1.1084778988629576,0.10847789886295756
XGBOOST,hospital_key,131,339,3.7571079488349173,1.953754186630249,6.655253608255718,7.286135693215339,6.102925985260347,2470.0,2068.8919090032578,1.1938758082291436,0.19387580822914363
XGBOOST,hospital_key,132,838,2.64154272716768,1.4330974817276,4.571861945134581,5.502386634844869,5.214228038287106,4611.0,4369.523096084595,1.0552639037728822,0.05526390377288215
XGBOOST,hospital_key,133,1275,2.1524669516320323,1.159904956817627,4.8931878401560756,3.556078431372549,4.573171070884256,4534.0,5830.793115377426,0.77759575932176,0.22240424067824005
XGBOOST,hospital_key,134,1406,2.829453841551269,1.5971258878707886,5.201606903983698,5.181365576102418,5.451086347676273,7285.0,7664.22740483284,0.9505198130481214,0.04948018695187861
XGBOOST,hospital_key,135,40,2.00254567861557,1.795465350151062,2.411846727948474,2.85,3.8195249319076536,114.0,152.78099727630615,0.74616609416307,0.25383390583693
XGBOOST,hospital_key,136,885,3.7181354002763998,1.7368881702423096,6.761753518594466,5.871186440677966,6.043756300446677,5196.0,5348.724325895309,0.9714465886462105,0.028553411353789526
XGBOOST,hospital_key,137,293,7.4890961402919105,4.894129753112793,11.409030340615756,15.42320819112628,11.789810860930043,4519.0,3454.4145822525024,1.308181138192544,0.3081811381925439
XGBOOST,hospital_key,138,39,39.36117468124781,30.908775329589844,51.01425187553307,52.333333333333336,16.464880698766464,2041.0,642.1303472518921,3.178482388715644,2.178482388715644
XGBOOST,hospital_key,139,3008,4.511350400706238,2.0587337017059326,9.204467397599283,8.08843085106383,7.076739885428167,24330.0,21286.833575367928,1.1429600327290328,0.1429600327290328
XGBOOST,hospital_key,140,203,3.791183469917974,2.290743350982666,6.783315589803999,5.650246305418719,6.548513330849521,1147.0,1329.3482061624527,0.862828862056501,0.137171137943499
XGBOOST,hospital_key,141,30,3.20371781984965,2.703819751739502,4.362042941176851,4.066666666666666,5.333619387944539,122.0,160.00858163833618,0.7624591053231999,0.23754089467680006
XGBOOST,hospital_key,142,429,10.626168311059057,7.249958038330078,16.799938839311377,11.937062937062937,15.133620166556263,5121.0,6492.323051452637,0.7887777548059923,0.21122224519400767
XGBOOST,hospital_key,143,2315,3.3489840703700584,1.6714568138122559,7.306516362514453,6.363714902807775,6.06620418376593,14732.0,14043.262685418129,1.049043967204076,0.04904396720407611
XGBOOST,hospital_key,144,1791,2.8268944076291014,1.6463580131530762,6.6975623810590434,5.388051367950865,5.583370345854213,9650.0,9999.816289424896,0.9650177283961869,0.034982271603813064
XGBOOST,hospital_key,145,4133,3.6769996153480515,1.9439668655395508,7.163835361293676,6.478586982821195,5.949322199809935,26776.0,24588.54865181446,1.0889621985893063,0.08896219858930632
XGBOOST,hospital_key,146,2118,3.285885465156368,2.0049023628234863,6.635591551280773,4.971199244570349,5.533170559025802,10529.0,11719.255244016647,0.8984359313596877,0.10156406864031231
XGBOOST,hospital_key,147,248,21.869765497984424,8.975181818008423,35.6490268121474,26.27016129032258,8.381734522119645,6515.0,2078.670161485672,3.134215384774458,2.134215384774458
XGBOOST,hospital_key,148,1686,3.331035791554909,1.6674246788024902,7.160313077012559,5.970937129300118,6.198668128442934,10067.0,10450.954464554787,0.9632613015531741,0.03673869844682587
XGBOOST,hospital_key,149,2376,3.273483624060949,1.5629332065582275,6.989688708656019,6.0993265993265995,5.386574679452562,14492.0,12798.501438379288,1.1323200665151596,0.1323200665151596
XGBOOST,hospital_key,150,864,3.21897494710154,1.4628371000289917,7.912563379527221,5.885416666666667,5.557441862369025,5085.0,4801.629769086838,1.059015426957221,0.05901542695722095
XGBOOST,hospital_key,151,1644,3.584924191671566,1.9577442407608032,6.327887829533778,6.626520681265207,6.541944237883654,10894.0,10754.956327080727,1.0129283344990592,0.012928334499059169
XGBOOST,hospital_key,152,1374,3.42399396386209,1.5098870992660522,7.4059075812822615,5.473071324599709,4.953899135929702,7520.0,6806.65741276741,1.1048007184693263,0.10480071846932626
XGBOOST,hospital_key,153,555,2.6351430218498986,1.8214139938354492,4.198162716099565,5.686486486486486,6.035428588884371,3156.0,3349.662866830826,0.9421843706277063,0.057815629372293675
XGBOOST,hospital_key,154,1653,4.0576368010700365,1.6901683807373047,9.873799393264587,7.531760435571688,5.76791998976588,12450.0,9534.371743083,1.305801822656247,0.3058018226562469
XGBOOST,hospital_key,155,2143,4.780273055563004,2.014946460723877,11.119105218529908,8.252916472235185,6.7047449281935485,17686.0,14368.268381118774,1.230906851882098,0.23090685188209803
XGBOOST,hospital_key,156,3426,2.8058765255354055,1.6698741912841797,5.130615498892279,4.318447168709866,5.73508950902646,14795.0,19648.416657924652,0.75298688222966,0.24701311777033996
XGBOOST,hospital_key,157,3747,2.7326195399411874,1.165592908859253,6.207615150019822,5.488657592740859,5.488440376203601,20566.0,20565.186089634895,1.00003957709702,3.9577097020071506e-05
XGBOOST,hospital_key,158,3434,2.8429635297300933,1.3933240175247192,5.902023831431776,5.510483401281305,5.444098781970052,18923.0,18695.035217285156,1.0121938675196542,0.012193867519654233
XGBOOST,hospital_key,159,633,4.663312710103642,2.1397247314453125,10.080140229219293,8.37914691943128,7.161741454454395,5304.0,4533.382340669632,1.1699873519197896,0.16998735191978964
XGBOOST,hospital_key,160,48,8.774871125817299,7.416407585144043,12.406333189712855,14.5625,9.690067882339159,699.0,465.12325835227966,1.5028274493867269,0.5028274493867269
XGBOOST,hospital_key,161,1418,2.241337226627576,1.3250538110733032,4.023295407156442,4.094499294781382,4.585495784437371,5806.0,6502.2330223321915,0.8929240124214327,0.10707598757856729
XGBOOST,hospital_key,162,871,3.1831790581088937,1.5837864875793457,6.821762802940032,5.887485648679679,5.072062339766291,5128.0,4417.7662979364395,1.1607676038443486,0.16076760384434863
XGBOOST,hospital_key,163,1081,3.827218698198105,2.1818690299987793,6.943084665415012,7.0638297872340425,5.857483967711372,7636.0,6331.940169095993,1.2059494872154148,0.20594948721541484
XGBOOST,hospital_key,164,1118,2.361608654313949,1.2482240200042725,4.933229825317175,4.3550983899821105,4.835360458583866,4869.0,5405.932992696762,0.900677090629473,0.09932290937052701
XGBOOST,hospital_key,165,3290,4.941504478092251,1.9131587743759155,11.224388298193798,8.331306990881458,6.503926128819359,27410.0,21397.91696381569,1.2809658083238133,0.28096580832381335
XGBOOST,hospital_key,166,1270,4.5093582966196255,2.6354613304138184,7.680672189397837,6.566141732283465,7.620482878985367,8339.0,9678.013256311417,0.8616437877435027,0.1383562122564973
XGBOOST,hospital_key,167,1262,3.324607716498398,1.7490694522857666,6.569469253997551,5.589540412044374,5.665253960009422,7054.0,7149.550497531891,0.9866354538561724,0.01336454614382765
XGBOOST,hospital_key,168,578,3.720869212414567,1.491732120513916,9.714491575641635,6.117647058823529,5.8357103394802055,3536.0,3373.0405762195587,1.0483123223981738,0.048312322398173846
XGBOOST,hospital_key,169,1171,1.6677887826572617,1.2382898330688477,2.597206518841826,2.69598633646456,3.18073475493212,3157.0,3724.6403980255127,0.8475986035252081,0.1524013964747919
XGBOOST,hospital_key,170,3553,2.3257453389782454,1.375741720199585,4.262370690777895,3.9859273853081905,4.783197937047284,14162.0,16994.702270329,0.833318511541411,0.166681488458589
XGBOOST,hospital_key,171,2898,4.515996580291732,2.8485937118530273,7.895326441182579,7.3685300207039335,8.142994789027444,21354.0,23598.398898601532,0.9048918993087053,0.09510810069129472
XGBOOST,hospital_key,172,944,4.544995942231962,2.071104884147644,9.550832269219264,6.960805084745763,7.477144050017252,6571.0,7058.423983216286,0.9309443603309612,0.06905563966903883
XGBOOST,hospital_key,173,5678,3.457817478619146,1.5890744924545288,7.677196938256863,6.254491017964072,6.032206270236203,35513.0,34250.86720240116,1.0368496596054175,0.03684965960541753
XGBOOST,hospital_key,174,3235,3.9003967690873185,2.0340161323547363,7.551004811667503,6.610200927357033,6.478296622868852,21384.0,20957.289574980736,1.0203609547643355,0.020360954764335526
XGBOOST,hospital_key,175,35,1.7339566775730677,0.7230267524719238,2.8526047106970562,2.5714285714285716,3.793949590410505,90.0,132.78823566436768,0.6777708849711793,0.3222291150288207
XGBOOST,hospital_key,176,5666,3.140013857986916,1.9441388845443726,5.923409957877061,4.757147899752912,6.002323688570367,26954.0,34009.1660194397,0.7925510429921465,0.20744895700785349
XGBOOST,hospital_key,177,5092,3.657687024113145,1.7889102697372437,7.895301320730297,6.208955223880597,6.152527491220413,31616.0,31328.669985294342,1.009171471844816,0.009171471844815926
XGBOOST,hospital_key,178,2923,2.870665626659648,1.3105247020721436,6.861155132953681,5.156688333903523,4.960302996545714,15073.0,14498.965658903122,1.039591399455753,0.039591399455753074
XGBOOST,hospital_key,179,1940,3.6855388113518353,1.9248707294464111,7.0908234676463175,6.3639175257731955,6.10158307669089,12346.0,11837.071168780327,1.0429944894275829,0.04299448942758288
XGBOOST,hospital_key,180,66,31.119210236000292,18.66704559326172,43.13513915333903,50.59090909090909,29.059520425218523,3339.0,1917.9283480644226,1.7409409498377382,0.7409409498377382
XGBOOST,hospital_key,181,2424,3.690487933532633,1.5736957788467407,9.001976507059142,6.5,5.411239440389986,15756.0,13116.844403505325,1.2012035452512795,0.20120354525127948
XGBOOST,hospital_key,182,1430,1.9989503260259027,1.019416093826294,5.225329352911771,4.15944055944056,4.2158399138417275,5948.0,6028.651076793671,0.9866220360464841,0.01337796395351587
XGBOOST,hospital_key,183,1856,3.7145040968497254,1.9616239070892334,7.216202031615593,5.749461206896552,6.4144014200388355,10671.0,11905.12903559208,0.8963363578922602,0.10366364210773982
XGBOOST,hospital_key,184,4732,3.6384330926461432,1.60744047164917,8.507287533400492,6.776415891800507,5.721651769198307,32066.0,27074.85617184639,1.184346088358675,0.18434608835867494
XGBOOST,hospital_key,185,1486,3.692121087301467,1.8273370265960693,8.583326130598849,6.048452220726784,5.860912151805164,8988.0,8709.315457582474,1.0319984439391157,0.03199844393911566
XGBOOST,hospital_key,186,1010,3.6743977978678033,1.8015799522399902,7.279076685428518,6.594059405940594,6.023043180456256,6660.0,6083.2736122608185,1.0948052684292864,0.09480526842928638
XGBOOST,hospital_key,187,3340,2.744002457400282,1.555274486541748,5.517592752888009,5.2850299401197605,5.441552029576844,17652.0,18174.78377878666,0.9712357635089532,0.028764236491046757
XGBOOST,hospital_key,188,1764,2.249314712018383,1.2453511953353882,4.133515031342979,4.49546485260771,4.535043993504409,7930.0,7999.817604541779,0.9912726004525227,0.008727399547477255
XGBOOST,hospital_key,189,1113,3.3617258867699076,2.009951591491699,6.606674035736588,5.656783468104223,5.872908055514553,6296.0,6536.546665787697,0.9631997325060465,0.03680026749395349
XGBOOST,hospital_key,190,930,3.69375157343444,1.3386151790618896,9.598055915565746,7.464516129032258,5.99332145298681,6942.0,5573.788951277733,1.2454723457745236,0.2454723457745236
XGBOOST,hospital_key,191,895,3.5624130518076806,1.6894168853759766,6.719289307739226,6.170949720670391,5.287175890853285,5523.0,4732.02242231369,1.1671542328194562,0.16715423281945618
XGBOOST,hospital_key,192,1578,3.019780223360533,1.1826951503753662,7.168998410932015,5.3751584283903675,5.150904643973773,8482.0,8128.127528190613,1.0435367765308872,0.04353677653088717
XGBOOST,hospital_key,193,3667,3.3248669509670536,1.5397975444793701,6.704847598570834,6.071720752658849,5.329146943350465,22265.0,19541.981841266155,1.1393419654593957,0.1393419654593957
XGBOOST,hospital_key,194,2865,2.7564715601386824,1.5190072059631348,5.2656255979082385,5.2471204188481675,5.257932022063104,15033.0,15063.975243210793,0.9979437537097153,0.002056246290284669
XGBOOST,hospital_key,195,2117,2.189768968520437,1.309757947921753,4.411668695626446,3.929617383089277,4.602856456022754,8319.0,9744.24711740017,0.8537345060907656,0.14626549390923438
XGBOOST,hospital_key,196,2257,2.3065622806232167,1.0752780437469482,5.610720605508966,3.864864864864865,4.294122064594257,8723.0,9691.833499789238,0.9000360974205441,0.09996390257945587
XGBOOST,hospital_key,197,1436,2.594405082939063,1.3026551008224487,5.742922306105524,4.704038997214485,4.808854823823094,6755.0,6905.515527009964,0.978203578513256,0.02179642148674399
XGBOOST,hospital_key,198,52,10.334988768284138,10.58154821395874,12.340317946296185,19.807692307692307,12.875353822341332,1030.0,669.5183987617493,1.5384192606281601,0.5384192606281601
XGBOOST,hospital_key,199,55,7.852005082910711,8.223424911499023,9.196710146144941,18.054545454545455,13.881125346097079,993.0,763.4618940353394,1.3006543060733764,0.3006543060733764
XGBOOST,hospital_key,200,1798,1.3220296370837261,0.5107836723327637,4.035212972078263,3.661846496106785,3.2602078573191924,6584.0,5861.8537274599075,1.1231941815875055,0.1231941815875055
XGBOOST,hospital_key,201,52,3.0280865614230814,2.357393503189087,3.9595397005922646,3.8461538461538463,5.574936334903423,200.0,289.896689414978,0.6899009450698013,0.31009905493019874
XGBOOST,hospital_key,202,45,22.89624942673577,11.758616924285889,33.08533670181169,27.355555555555554,8.807159344355265,1231.0,396.32217049598694,3.106058887544533,2.106058887544533
XGBOOST,hospital_key,203,131,4.233488101085634,2.765584945678711,6.543635004964328,4.312977099236641,5.911356427287328,565.0,774.3876919746399,0.7296087035671829,0.2703912964328171
XGBOOST,hospital_key,204,21,11.334350347518921,12.624349594116211,12.790532448661777,18.761904761904763,13.508137123925346,394.0,283.67087960243225,1.3889335435212637,0.38893354352126375
XGBOOST,hospital_key,205,16,2.327636167407036,1.512803554534912,2.9162293326033017,2.625,4.9470472782850266,42.0,79.15275645256042,0.5306195498721812,0.4693804501278188
XGBOOST,hospital_key,206,282,2.321435038925063,1.4058129787445068,3.6320413673169654,4.797872340425532,5.161504293164463,1353.0,1455.5442106723785,0.9295492298203646,0.07045077017963541
APR_DRG_SEVERITY_MEAN,hospital_service_area,Capital/Adirond,16132,3.385795840659183,1.8428649237472767,6.212093542308693,5.575316141829903,6.165629480350474,89941.0,99463.93477701384,0.9042574094985976,0.09574259050140244
APR_DRG_SEVERITY_MEAN,hospital_service_area,Central NY,15811,3.1701869973922334,1.6505460218408734,6.376818136853739,5.469736259566125,5.729971513523591,86482.0,90596.5796003215,0.9545834995264336,0.04541650047356638
APR_DRG_SEVERITY_MEAN,hospital_service_area,Finger Lakes,16315,3.8828887343450598,1.8150943396226413,8.550916733388766,6.445724793135152,5.948592314987429,105162.0,97051.2836190199,1.0835714488107047,0.08357144881070466
APR_DRG_SEVERITY_MEAN,hospital_service_area,Hudson Valley,28118,3.2654403844519675,1.6422764227642275,6.642744922306311,5.9465111316594355,5.950115641225913,167204.0,167305.35159999022,0.9993942118466567,0.000605788153343334
APR_DRG_SEVERITY_MEAN,hospital_service_area,Long Island,40644,2.9820458504683085,1.5766129032258065,5.927044638721835,5.267960830626907,5.56054268540095,214111.0,226002.69690543623,0.9473824999955114,0.052617500004488615
APR_DRG_SEVERITY_MEAN,hospital_service_area,New York City,113463,3.4323812967275407,1.5963302752293576,7.5904944332515285,5.908243215850101,5.751165002531646,670367.0,652544.4346822482,1.0273124163972533,0.027312416397253347
APR_DRG_SEVERITY_MEAN,hospital_service_area,Southern Tier,3053,3.3204567116852375,1.7973856209150325,5.891414777831676,5.638060923681625,6.032233035715344,17213.0,18416.407458038946,0.9346556889132225,0.06534431108677752
APR_DRG_SEVERITY_MEAN,hospital_service_area,Western NY,16464,3.2484978204239243,1.6330209573499543,6.500227313189442,5.771379980563654,5.733105696939594,95020.0,94389.85219441348,1.006676012208268,0.006676012208268078
XGBOOST,hospital_service_area,Capital/Adirond,16132,3.3452114655499776,1.829532504081726,6.191267036103468,5.575316141829903,6.183116758435765,89941.0,99746.03954708576,0.9016999613056593,0.09830003869434067
XGBOOST,hospital_service_area,Central NY,15811,3.1259069672708124,1.6688523292541504,6.273426725727707,5.469736259566125,5.705423116035551,86482.0,90208.44488763809,0.9586907313136849,0.041309268686315126
XGBOOST,hospital_service_area,Finger Lakes,16315,3.851355135875577,1.8040771484375,8.566911749145744,6.445724793135152,5.942427495641647,105162.0,96950.70459139347,1.0846955722829834,0.08469557228298341
XGBOOST,hospital_service_area,Hudson Valley,28118,3.2014486963230513,1.6480114459991455,6.497692735482373,5.9465111316594355,5.9141892422711635,167204.0,166295.17311418056,1.005465142907037,0.005465142907036924
XGBOOST,hospital_service_area,Long Island,40644,2.9046670144693127,1.6010020971298218,5.769540828552983,5.267960830626907,5.535091899487168,214111.0,224968.27516275644,0.9517386389040784,0.04826136109592161
XGBOOST,hospital_service_area,New York City,113463,3.388462937625318,1.640408992767334,7.481681077879035,5.908243215850101,5.751287679505273,670367.0,652558.3539797068,1.0272905034648396,0.027290503464839633
XGBOOST,hospital_service_area,Southern Tier,3053,3.355659570804862,1.8532495498657227,5.860572228236638,5.638060923681625,6.190883451042275,17213.0,18900.767176032066,0.9107037740683716,0.08929622593162845
XGBOOST,hospital_service_area,Western NY,16464,3.172730339522699,1.6168053150177002,6.39286130006333,5.771379980563654,5.732467896508666,95020.0,94379.35144811869,1.006788016044309,0.006788016044309009
APR_DRG_SEVERITY_MEAN,apr_drg_code,001,87,11.615403844857944,6.870967741935484,18.245065270396868,24.149425287356323,24.41620146442249,2101.0,2124.2095274047565,0.9890738050529729,0.010926194947027068
APR_DRG_SEVERITY_MEAN,apr_drg_code,002,54,29.800294289541604,26.642857142857142,35.71771163971863,46.46296296296296,47.777746745488685,2509.0,2579.998324256389,0.9724812517942808,0.0275187482057192
APR_DRG_SEVERITY_MEAN,apr_drg_code,004,262,24.53250361683859,20.945454545454545,30.1685250170071,56.93893129770992,57.23410530692711,14918.0,14995.335590414903,0.994842690252005,0.005157309747994998
APR_DRG_SEVERITY_MEAN,apr_drg_code,005,277,20.495654176113455,17.044025157232703,26.943203691540504,47.94584837545126,48.01218222343885,13281.0,13299.37447589256,0.9986183954797372,0.0013816045202628136
APR_DRG_SEVERITY_MEAN,apr_drg_code,007,92,12.565534420289858,9.833333333333332,19.138369208135092,35.69565217391305,35.73434480676328,3284.0,3287.5597222222223,0.998917214431677,0.0010827855683229748
APR_DRG_SEVERITY_MEAN,apr_drg_code,008,98,6.221766287846851,3.1999999999999993,10.148564620706802,19.428571428571427,19.971815086413315,1904.0,1957.2378784685047,0.9727994848995247,0.027200515100475275
APR_DRG_SEVERITY_MEAN,apr_drg_code,009,90,16.908400587288057,15.5,23.366186475207904,20.622222222222224,20.31115136876006,1856.0,1828.0036231884055,1.0153152742458809,0.015315274245880861
APR_DRG_SEVERITY_MEAN,apr_drg_code,011,67,7.322416960476661,5.428571428571427,11.237344417179225,16.35820895522388,17.958973559719826,1096.0,1203.2512285012283,0.9108654735097835,0.08913452649021647
APR_DRG_SEVERITY_MEAN,apr_drg_code,020,118,8.03633121046751,5.377777777777778,12.356686674982505,14.23728813559322,14.376159223398444,1680.0,1696.3867883610164,0.9903401815709443,0.009659818429055722
APR_DRG_SEVERITY_MEAN,apr_drg_code,021,1034,6.446261758075066,3.336322869955157,11.128353180202375,10.044487427466152,10.108216932352432,10386.0,10451.896308052415,0.9936952772865105,0.0063047227134894746
APR_DRG_SEVERITY_MEAN,apr_drg_code,022,132,4.670193816088244,2.65625,9.086597061132473,5.28030303030303,5.260221897593598,697.0,694.349290482355,1.0038175447919067,0.0038175447919066574
APR_DRG_SEVERITY_MEAN,apr_drg_code,023,214,5.073400892700676,3.0,8.786048660753009,8.953271028037383,8.962697861985891,1916.0,1918.0173424649806,0.9989482146900778,0.0010517853099222263
APR_DRG_SEVERITY_MEAN,apr_drg_code,024,352,2.564430795006789,1.2788461538461537,4.551368533709522,3.4573863636363638,3.4414227264716803,1217.0,1211.3807997180315,1.0046386737211588,0.004638673721158781
APR_DRG_SEVERITY_MEAN,apr_drg_code,026,144,10.459844954089005,5.108387096774193,20.794179286899993,11.32638888888889,10.952650314322858,1631.0,1577.1816452624914,1.0341231175871004,0.034123117587100404
APR_DRG_SEVERITY_MEAN,apr_drg_code,027,74,2.9391416415757186,2.15,4.256247762637994,4.378378378378378,4.211438114176451,324.0,311.64642044905736,1.0396397286807983,0.03963972868079835
APR_DRG_SEVERITY_MEAN,apr_drg_code,029,154,5.6277844499560015,3.4615384615384617,10.90723624713102,7.246753246753247,6.910427072073927,1116.0,1064.2057690993847,1.0486693761719106,0.04866937617191058
APR_DRG_SEVERITY_MEAN,apr_drg_code,030,771,3.541165659736,2.082802547770701,5.907331785201269,5.931258106355383,5.93494338476429,4573.0,4575.841349653268,0.9993790541594099,0.0006209458405901369
APR_DRG_SEVERITY_MEAN,apr_drg_code,040,94,7.819949342293268,6.661458333333333,10.295466423337016,10.24468085106383,10.273506431278685,963.0,965.7096045401964,0.9971941828812124,0.002805817118787579
APR_DRG_SEVERITY_MEAN,apr_drg_code,041,355,6.366549056238208,4.854166666666666,10.776337382802614,8.52112676056338,8.589278200668712,3025.0,3049.1937612373927,0.9920655218618922,0.00793447813810777
APR_DRG_SEVERITY_MEAN,apr_drg_code,042,1286,9.479015243568455,6.259623722806621,18.16928589309249,11.681181959564542,11.649617860974542,15022.0,14981.408569213261,1.0027094535603385,0.0027094535603384706
APR_DRG_SEVERITY_MEAN,apr_drg_code,043,258,4.615239598494257,3.164615384615385,7.565569484307787,7.375968992248062,7.301206277051252,1903.0,1883.711219479223,1.01023977577949,0.01023977577949009
APR_DRG_SEVERITY_MEAN,apr_drg_code,044,576,4.885858808985353,3.527993897787948,7.398208290257174,7.338541666666667,7.340513212785672,4227.0,4228.135610564547,0.9997314157659206,0.00026858423407938314
APR_DRG_SEVERITY_MEAN,apr_drg_code,045,3104,3.3956474866016686,2.523897058823529,5.397069285210831,5.882087628865979,5.886235779047582,18258.0,18270.875858163694,0.9992952796426592,0.0007047203573408156
APR_DRG_SEVERITY_MEAN,apr_drg_code,046,188,2.070698731519018,1.7419354838709675,2.999373394029209,3.398936170212766,3.4122466893178287,639.0,641.5023775917518,0.9960991920230351,0.003900807976964904
APR_DRG_SEVERITY_MEAN,apr_drg_code,047,738,1.651562507052059,1.062015503875969,2.690965767035718,3.024390243902439,3.0233327404408,2232.0,2231.2195624453107,1.0003497807064017,0.00034978070640168113
APR_DRG_SEVERITY_MEAN,apr_drg_code,048,604,2.735648486663237,2.070422535211268,4.658397775783862,4.498344370860927,4.449516327275862,2717.0,2687.507861674621,1.0109737868104327,0.010973786810432706
APR_DRG_SEVERITY_MEAN,apr_drg_code,049,138,6.505467250141163,4.245,9.809414630782078,11.065217391304348,10.986015695254824,1527.0,1516.0701659451659,1.0072093193971798,0.007209319397179836
APR_DRG_SEVERITY_MEAN,apr_drg_code,050,148,6.6429358963063185,4.714285714285714,10.552175731066557,11.027027027027026,10.631350018350789,1632.0,1573.4398027159168,1.037217945791763,0.03721794579176296
APR_DRG_SEVERITY_MEAN,apr_drg_code,051,37,1.8851631851631852,1.5384615384615383,2.6156389222113883,3.5135135135135136,3.399487899487899,130.0,125.78105228105227,1.033541997323418,0.033541997323417894
APR_DRG_SEVERITY_MEAN,apr_drg_code,052,968,5.025008564023509,3.380710659898477,9.492766360755427,7.268595041322314,7.243633855923122,7036.0,7011.837572533582,1.0034459479724782,0.003445947972478214
APR_DRG_SEVERITY_MEAN,apr_drg_code,053,2686,2.5042201864702287,1.6028513238289204,5.431588587375328,3.9448994787788534,3.950446375768752,10596.0,10610.898965314867,0.9985958809556504,0.001404119044349561
APR_DRG_SEVERITY_MEAN,apr_drg_code,054,417,1.8622337833888107,1.4117647058823528,3.070759119562656,2.9808153477218227,2.975227764834238,1243.0,1240.6699779358773,1.0018780353402272,0.0018780353402272354
APR_DRG_SEVERITY_MEAN,apr_drg_code,055,836,3.221709235037854,2.076923076923077,5.563089863218911,5.08133971291866,5.112724946405775,4248.0,4274.238055195228,0.9938613491208482,0.006138650879151775
APR_DRG_SEVERITY_MEAN,apr_drg_code,057,156,1.9047073138942836,0.8043478260869565,3.486346396434716,2.891025641025641,2.8916792604502928,451.0,451.1019646302457,0.9997739654485228,0.00022603455147718332
APR_DRG_SEVERITY_MEAN,apr_drg_code,058,1986,6.941801809723797,5.710407239819004,9.845468292024748,9.380161127895267,9.049928049045336,18629.0,17973.157105404036,1.0364901330773306,0.03649013307733062
APR_DRG_SEVERITY_MEAN,apr_drg_code,059,47,12.156512257184149,7.066666666666666,21.642479989740178,12.74468085106383,13.662702377875949,599.0,642.1470117601696,0.9328082028414325,0.06719179715856749
APR_DRG_SEVERITY_MEAN,apr_drg_code,073,90,6.3077090214312435,2.727272727272727,13.406477614258439,6.777777777777778,6.318860857249747,610.0,568.6974771524772,1.0726265272958981,0.07262652729589814
APR_DRG_SEVERITY_MEAN,apr_drg_code,082,390,2.169715188201308,1.7889908256880735,3.1371074464310165,3.694871794871795,3.6725482105605574,1441.0,1432.2938021186174,1.0060785000036339,0.006078500003633858
APR_DRG_SEVERITY_MEAN,apr_drg_code,089,128,4.020379224544726,2.259006211180124,6.449872261705045,5.984375,5.901546312437606,766.0,755.3979279920136,1.0140350821932602,0.014035082193260218
APR_DRG_SEVERITY_MEAN,apr_drg_code,091,106,7.743975554993075,3.911607142857143,14.896256449886128,10.566037735849056,10.577402468002198,1120.0,1121.204661608233,0.9989255649307549,0.0010744350692450944
APR_DRG_SEVERITY_MEAN,apr_drg_code,092,179,2.1942888846898567,1.116279069767442,3.5014511390778944,3.4078212290502794,3.459309948752712,610.0,619.2164808267355,0.9851158987008384,0.014884101299161623
APR_DRG_SEVERITY_MEAN,apr_drg_code,095,19,0.4475279106858054,0.5,0.5146087299044928,1.263157894736842,1.3103668261563,24.0,24.8969696969697,0.9639727361246349,0.036027263875365145
APR_DRG_SEVERITY_MEAN,apr_drg_code,097,199,0.955357834310165,0.3577235772357723,2.349023710268335,1.6683417085427135,1.6085046197114619,332.0,320.0924193225809,1.0372004457419497,0.037200445741949695
APR_DRG_SEVERITY_MEAN,apr_drg_code,098,233,3.2918947503984093,2.333333333333333,4.6567864203064255,4.798283261802575,4.801045334200349,1118.0,1118.6435628686813,0.9994246935395302,0.0005753064604697711
APR_DRG_SEVERITY_MEAN,apr_drg_code,110,102,6.342516719606503,4.325757575757576,10.194121873596535,9.5,9.495458541382174,969.0,968.5367712209818,1.0004782769150151,0.00047827691501511893
APR_DRG_SEVERITY_MEAN,apr_drg_code,111,561,1.402354119652944,1.1202531645569622,1.9613625501587557,2.700534759358289,2.6973336307857725,1515.0,1513.2041668708184,1.0011867751678845,0.0011867751678844574
APR_DRG_SEVERITY_MEAN,apr_drg_code,113,892,1.6356880102941627,1.1301775147928994,2.722080844471037,3.0437219730941703,3.0396385275549482,2715.0,2711.357566579014,1.001343398401555,0.0013433984015549516
APR_DRG_SEVERITY_MEAN,apr_drg_code,114,87,1.7633011650132444,0.90625,3.5490517571905578,3.0,2.956585386467455,261.0,257.2229286226686,1.014684038462497,0.014684038462497107
APR_DRG_SEVERITY_MEAN,apr_drg_code,115,521,2.1802272334690675,1.453125,3.8512537311921013,3.6065259117082533,3.6607949537016204,1879.0,1907.2741708785443,0.9851756127617874,0.014824387238212555
APR_DRG_SEVERITY_MEAN,apr_drg_code,120,354,2.6818599584545746,1.5420560747663554,7.120987795708697,4.666666666666667,4.6577848320631725,1652.0,1648.855830550363,1.0019068795411832,0.0019068795411831818
APR_DRG_SEVERITY_MEAN,apr_drg_code,121,852,3.716014811359279,1.7606382978723403,7.350842006789953,5.877934272300469,5.881575630695622,5008.0,5011.10243735267,0.9993808872615446,0.0006191127384553852
APR_DRG_SEVERITY_MEAN,apr_drg_code,130,404,15.08794770363584,10.236559139784948,23.982395667196243,23.14108910891089,22.78408717353386,9349.0,9204.771218107679,1.0156689154433947,0.01566891544339466
APR_DRG_SEVERITY_MEAN,apr_drg_code,131,34,3.9685277141159485,3.936363636363636,4.74746629345699,8.382352941176471,8.833742891095834,285.0,300.34725829725835,0.9489016201304261,0.051098379869573884
APR_DRG_SEVERITY_MEAN,apr_drg_code,132,50,12.687605354397924,5.928571428571429,24.0638098896851,11.04,10.407412214204784,552.0,520.3706107102392,1.0607824282132126,0.06078242821321256
APR_DRG_SEVERITY_MEAN,apr_drg_code,133,2470,3.3138541997246156,2.074554294975689,5.761461686035923,5.593117408906883,5.6130209328823915,13815.0,13864.161704219507,0.9964540442279648,0.003545955772035203
APR_DRG_SEVERITY_MEAN,apr_drg_code,134,1216,2.556896664091178,1.6850393700787407,4.072643365101394,4.666940789473684,4.66673532606941,5675.0,5674.750156500402,1.0000440272245839,4.402722458385355e-05
APR_DRG_SEVERITY_MEAN,apr_drg_code,135,642,2.716081464004757,1.9693877551020407,5.167448254713476,4.637071651090342,4.622180115802546,2977.0,2967.439634345235,1.0032217557331624,0.0032217557331624125
APR_DRG_SEVERITY_MEAN,apr_drg_code,136,630,5.634448875596986,4.208530805687204,8.737436307804842,8.56031746031746,8.513469623542932,5393.0,5363.485862832047,1.0055027901485638,0.0055027901485638075
APR_DRG_SEVERITY_MEAN,apr_drg_code,137,4192,3.963164428407026,3.0787309048178617,7.196985853045307,6.39050572519084,6.394076031951934,26789.0,26803.966725942504,0.9994416227234002,0.0005583772765997974
APR_DRG_SEVERITY_MEAN,apr_drg_code,138,808,1.6495817695410255,1.1418918918918919,2.6777096538806813,3.1596534653465347,3.178601447479911,2553.0,2568.309969563768,0.9940388933792255,0.005961106620774537
APR_DRG_SEVERITY_MEAN,apr_drg_code,139,3418,2.6677488632298876,1.8632768361581924,4.552291984501162,4.852837916910474,4.858963952857043,16587.0,16607.938790865373,0.9987392300074655,0.0012607699925345495
APR_DRG_SEVERITY_MEAN,apr_drg_code,140,2424,2.6150297710578454,1.8415094339622637,5.069095790961615,4.6138613861386135,4.607320610405209,11184.0,11168.145159622225,1.001419648486939,0.0014196484869390957
APR_DRG_SEVERITY_MEAN,apr_drg_code,141,1964,1.4949337465931944,0.9765395894428153,2.4840692203938524,2.70010183299389,2.7021711989759827,5303.0,5307.06423478883,0.9992341839840212,0.0007658160159788041
APR_DRG_SEVERITY_MEAN,apr_drg_code,142,265,3.9151908261452246,2.890410958904109,6.5559496316981445,6.660377358490566,6.638785901210345,1765.0,1759.2782638207414,1.0032523201684038,0.0032523201684038217
APR_DRG_SEVERITY_MEAN,apr_drg_code,143,683,3.418011665571812,2.283582089552239,6.985406798060689,5.370424597364568,5.36152058749602,3668.0,3661.918561259782,1.0016607247371787,0.0016607247371787093
APR_DRG_SEVERITY_MEAN,apr_drg_code,144,241,2.3158660062145775,1.806451612903226,3.465699785177578,3.871369294605809,3.707479461000253,933.0,893.5025501010609,1.0442051898950615,0.0442051898950615
APR_DRG_SEVERITY_MEAN,apr_drg_code,145,293,1.8405083440932681,1.3199999999999998,2.622648226259045,3.273037542662116,3.318858058293194,959.0,972.4254110799059,0.9861938911437983,0.013806108856201704
APR_DRG_SEVERITY_MEAN,apr_drg_code,160,45,5.665908535908536,3.125,10.088733428561419,9.777777777777779,9.587120657120657,440.0,431.4204295704296,1.0198867968262726,0.01988679682627259
APR_DRG_SEVERITY_MEAN,apr_drg_code,161,21,19.312698412698417,11.100000000000001,27.13786183496307,40.0,38.67777777777778,840.0,812.2333333333333,1.0341855788566503,0.0341855788566503
APR_DRG_SEVERITY_MEAN,apr_drg_code,162,108,9.06225036910521,6.788690476190477,12.902140144285156,17.805555555555557,18.208895962659405,1923.0,1966.5607639672157,0.9778492662086175,0.02215073379138255
APR_DRG_SEVERITY_MEAN,apr_drg_code,163,551,3.433232614987554,2.17,5.369601145441599,8.442831215970962,8.471939937763665,4652.0,4668.038905707779,0.9965641019640672,0.003435898035932805
APR_DRG_SEVERITY_MEAN,apr_drg_code,165,271,3.7301656428735055,2.633802816901408,5.761680150218037,11.811808118081181,11.738251535555607,3201.0,3181.0661661355693,1.0062664002643638,0.006266400264363758
APR_DRG_SEVERITY_MEAN,apr_drg_code,166,683,3.1478876286128004,2.0426829268292686,4.880588839774392,8.383601756954612,8.387966341032927,5726.0,5728.981010925489,0.9994796612312375,0.0005203387687624517
APR_DRG_SEVERITY_MEAN,apr_drg_code,167,236,4.969855972022922,3.0,9.137716709850702,8.055084745762711,8.212034074122617,1901.0,1938.0400414929375,0.9808878863697758,0.019112113630224248
APR_DRG_SEVERITY_MEAN,apr_drg_code,169,528,3.7002191235963884,2.451219512195122,5.9627274457933845,5.674242424242424,5.718189502378789,2996.0,3019.2040572560004,0.9923145117666908,0.007685488233309168
APR_DRG_SEVERITY_MEAN,apr_drg_code,171,701,2.4375056542867584,1.5643564356435644,4.200146138216263,4.5834522111269616,4.579610175651805,3213.0,3210.3067331319153,1.0008389437807574,0.0008389437807574396
APR_DRG_SEVERITY_MEAN,apr_drg_code,174,1532,2.0034584655467733,1.1700879765395893,4.09644524754368,3.710835509138381,3.72718572614627,5685.0,5710.048532456086,0.995613254018121,0.004386745981879048
APR_DRG_SEVERITY_MEAN,apr_drg_code,175,2467,2.2058220259359276,1.4481203007518797,3.986474965189291,3.2383461694365625,3.221866206278355,7989.0,7948.343930888703,1.0051150364736106,0.005115036473610557
APR_DRG_SEVERITY_MEAN,apr_drg_code,176,75,3.519702553485162,2.0,5.598055148477555,5.1066666666666665,5.194053140096619,383.0,389.5539855072464,0.9831756681972786,0.01682433180272136
APR_DRG_SEVERITY_MEAN,apr_drg_code,177,36,7.81033249158249,4.9,11.687607016855763,7.694444444444445,8.834111952861953,277.0,318.0280303030303,0.8709924082354091,0.12900759176459087
APR_DRG_SEVERITY_MEAN,apr_drg_code,178,47,5.681447308403382,4.625,7.158190521020777,6.914893617021277,7.332382478830661,325.0,344.62197650504106,0.9430623180099078,0.05693768199009219
APR_DRG_SEVERITY_MEAN,apr_drg_code,179,336,5.547758135031311,3.5428571428571427,9.670029028851328,8.869047619047619,8.947945226810853,2980.0,3006.509596208447,0.9911826005006341,0.008817399499365886
APR_DRG_SEVERITY_MEAN,apr_drg_code,180,199,7.243962066623763,4.636363636363637,12.464265359229342,10.909547738693467,10.79734470614678,2171.0,2148.6715965232092,1.0103917245952898,0.010391724595289809
APR_DRG_SEVERITY_MEAN,apr_drg_code,181,526,5.14208999292114,3.467948717948718,8.072777710470838,8.23574144486692,8.359599640142491,4332.0,4397.14941071495,0.9851837168516052,0.014816283148394782
APR_DRG_SEVERITY_MEAN,apr_drg_code,182,957,5.002473788497524,3.4419642857142856,8.364708772168926,7.567398119122257,7.65144116642122,7242.0,7322.429196265108,0.9890160499870546,0.010983950012945387
APR_DRG_SEVERITY_MEAN,apr_drg_code,183,904,2.3022344299462043,0.8925619834710743,4.906791614266612,3.357300884955752,3.3440801659482577,3035.0,3023.048470017225,1.0039534695196954,0.003953469519695441
APR_DRG_SEVERITY_MEAN,apr_drg_code,190,1445,2.3134403041959932,1.2884615384615383,3.896956648565531,3.858131487889273,3.861171551153494,5575.0,5579.392891416799,0.999212657810215,0.0007873421897850452
APR_DRG_SEVERITY_MEAN,apr_drg_code,191,627,1.3913616354346225,0.9574468085106382,2.0906347827290603,2.6140350877192984,2.597226459561573,1639.0,1628.460990145106,1.0064717607106786,0.006471760710678565
APR_DRG_SEVERITY_MEAN,apr_drg_code,192,1601,3.5816632662618293,2.433962264150943,5.481799160826153,6.658338538413491,6.684834248650483,10660.0,10702.419632089423,0.9960364446968389,0.003963555303161059
APR_DRG_SEVERITY_MEAN,apr_drg_code,193,74,7.109997209997209,4.3722943722943715,15.239882484370565,9.35135135135135,9.353418653418652,692.0,692.1529803529803,0.9997789789868385,0.00022102101316145983
APR_DRG_SEVERITY_MEAN,apr_drg_code,194,7026,3.468919151046924,2.494140625,5.709219122194506,6.269000853970965,6.260492836457507,44046.0,43986.222668950446,1.001359001237716,0.0013590012377160399
APR_DRG_SEVERITY_MEAN,apr_drg_code,196,130,3.954449529440512,3.0217391304347823,5.986672190293583,4.384615384615385,4.353510544879856,570.0,565.9563708343812,1.0071447718834887,0.007144771883488721
APR_DRG_SEVERITY_MEAN,apr_drg_code,197,1189,3.6899162782960033,2.6186440677966103,6.861963808465267,5.349032800672834,5.32592949596527,6360.0,6332.5301707027065,1.0043378915783745,0.004337891578374498
APR_DRG_SEVERITY_MEAN,apr_drg_code,198,940,1.4639292288486567,0.966542750929368,2.9301211497930564,2.551063829787234,2.54920527929497,2398.0,2396.2529625372717,1.0007290705489116,0.0007290705489115812
APR_DRG_SEVERITY_MEAN,apr_drg_code,199,1218,2.3428642517909584,1.6532663316582914,4.601759978820363,3.854679802955665,3.8367254858672966,4695.0,4673.131641786367,1.0046795938762112,0.004679593876211197
APR_DRG_SEVERITY_MEAN,apr_drg_code,200,164,3.2344375395352842,2.001065643648764,6.7984491453496485,5.225609756097561,5.2768942415268745,857.0,865.4106556104074,0.9902813126278471,0.009718687372152868
APR_DRG_SEVERITY_MEAN,apr_drg_code,201,2931,2.051491586488821,1.1613588110403397,3.8341736473911427,3.5527123848515867,3.5513962783913233,10413.0,10409.142491964969,1.0003705884551017,0.0003705884551017391
APR_DRG_SEVERITY_MEAN,apr_drg_code,203,719,1.3122669509823934,0.6972477064220184,5.023178298780674,2.2614742698191934,2.182779685483681,1626.0,1569.4185938627666,1.036052463223321,0.03605246322332101
APR_DRG_SEVERITY_MEAN,apr_drg_code,204,1660,1.9627844785348436,1.3629764065335754,3.1367296317533406,3.4415662650602408,3.441172582663441,5713.0,5712.346487221312,1.0001144035608047,0.00011440356080472114
APR_DRG_SEVERITY_MEAN,apr_drg_code,205,52,2.3071926611400295,1.7146464646464648,3.1890686086796842,3.5961538461538463,3.5333618136249716,187.0,183.73481430849853,1.0177711867170642,0.017771186717064236
APR_DRG_SEVERITY_MEAN,apr_drg_code,206,317,4.443353410764958,2.6065573770491803,9.154338288567285,6.580441640378549,6.643376287736068,2086.0,2105.9502832123335,0.9905267074102518,0.009473292589748161
APR_DRG_SEVERITY_MEAN,apr_drg_code,207,862,2.474782289667807,1.685,3.6771630404245674,4.341067285382831,4.340998309818435,3742.0,3741.940543063491,1.0000158893322395,1.588933223950484e-05
APR_DRG_SEVERITY_MEAN,apr_drg_code,220,502,3.9972380749761265,1.9661016949152543,7.031047609997265,7.181274900398407,7.141616883761966,3605.0,3585.0916756485067,1.0055530865463551,0.005553086546355113
APR_DRG_SEVERITY_MEAN,apr_drg_code,222,103,3.709194589280255,2.037037037037037,6.304703951132431,5.660194174757281,5.790867836607413,583.0,596.4593871705636,0.9774345287205368,0.02256547127946318
APR_DRG_SEVERITY_MEAN,apr_drg_code,223,180,3.3531176561675884,2.1666666666666665,5.801968442087358,5.966666666666667,5.971899476928842,1074.0,1074.9419058471915,0.9991237611613539,0.0008762388386460707
APR_DRG_SEVERITY_MEAN,apr_drg_code,224,241,3.386497437820393,2.3522727272727275,4.622087836559601,6.381742738589212,6.465154610751681,1538.0,1558.102261191155,0.9870982401528722,0.012901759847127825
APR_DRG_SEVERITY_MEAN,apr_drg_code,226,95,2.443575448054097,1.3962264150943398,3.9622948110306875,3.6736842105263157,3.356370031627349,349.0,318.85515300459815,1.0945408807458323,0.09454088074583233
APR_DRG_SEVERITY_MEAN,apr_drg_code,227,476,2.315429361615005,1.5254237288135597,3.5581262374512654,4.170168067226891,4.173549622383681,1985.0,1986.6096202546323,0.9991897651968352,0.0008102348031647777
APR_DRG_SEVERITY_MEAN,apr_drg_code,228,286,2.147049015767296,1.0784313725490198,4.997774412590703,3.388111888111888,3.4514170623743303,969.0,987.1052798390584,0.9816582078843602,0.0183417921156398
APR_DRG_SEVERITY_MEAN,apr_drg_code,229,233,4.537324626978194,3.0666666666666664,7.000424396107998,7.334763948497854,7.335232519046092,1709.0,1709.1091769377394,0.9999361205596385,6.387944036145843e-05
APR_DRG_SEVERITY_MEAN,apr_drg_code,230,1024,5.041520007084737,3.1090225563909772,9.117642818167933,9.2509765625,9.309629210647994,9473.0,9533.060311703546,0.9936997868743355,0.006300213125664533
APR_DRG_SEVERITY_MEAN,apr_drg_code,231,1358,3.595527080787997,1.9792284866468846,7.075958414034653,6.609720176730486,6.559045353021262,8976.0,8907.183589402874,1.0077259450090372,0.007725945009037227
APR_DRG_SEVERITY_MEAN,apr_drg_code,233,362,1.9452324194559167,1.7259259259259259,2.5704614115620816,3.701657458563536,3.697470311695635,1340.0,1338.48425283382,1.0011324355613231,0.0011324355613231418
APR_DRG_SEVERITY_MEAN,apr_drg_code,234,725,0.6551313399196489,0.28205128205128216,1.2215072696988973,1.4951724137931035,1.4918707430548477,1084.0,1081.6062887147646,1.0022131077733283,0.0022131077733282822
APR_DRG_SEVERITY_MEAN,apr_drg_code,240,839,5.069163548756089,3.4559999999999995,9.241134308411299,7.926102502979738,7.94760277554267,6650.0,6668.0387286803,0.9972947474640913,0.0027052525359086976
APR_DRG_SEVERITY_MEAN,apr_drg_code,241,1398,2.3775046954719374,1.608040201005025,3.8876261032728325,4.540772532188841,4.532561930643052,6348.0,6336.521579038987,1.0018114703497552,0.001811470349755151
APR_DRG_SEVERITY_MEAN,apr_drg_code,242,225,2.488221733991849,1.7777777777777777,3.7078843435857296,4.888888888888889,4.8345368237404225,1100.0,1087.770785341595,1.011242455509195,0.011242455509195004
APR_DRG_SEVERITY_MEAN,apr_drg_code,243,514,2.449604969763756,1.6357615894039736,3.745287365741168,4.317120622568093,4.340838179370889,2219.0,2231.1908241966366,0.9945361803820495,0.005463819617950505
APR_DRG_SEVERITY_MEAN,apr_drg_code,244,1572,1.9910957036439845,1.3133640552995391,3.3193487083302213,4.230916030534351,4.2306866599014805,6651.0,6650.639429365127,1.0000542159349792,5.4215934979229274e-05
APR_DRG_SEVERITY_MEAN,apr_drg_code,245,540,2.917454199249006,2.118279569892473,6.306770176747642,5.103703703703704,5.0962192160496045,2756.0,2751.9583766667865,1.001468635342555,0.0014686353425550358
APR_DRG_SEVERITY_MEAN,apr_drg_code,246,149,2.371451708477282,1.7999999999999998,3.3972538033688267,4.570469798657718,4.541908318035886,681.0,676.744339387347,1.006288431782829,0.006288431782828896
APR_DRG_SEVERITY_MEAN,apr_drg_code,247,1454,2.3008588271261092,1.5975308641975308,3.903682480764598,4.089408528198074,4.085997603237215,5946.0,5941.04051510691,1.0008347838868425,0.0008347838868425494
APR_DRG_SEVERITY_MEAN,apr_drg_code,248,853,3.087891652603316,2.3059210526315788,5.361839042049098,5.4630715123094955,5.46030144088649,4660.0,4657.637129076176,1.0005073110803486,0.0005073110803486269
APR_DRG_SEVERITY_MEAN,apr_drg_code,249,2128,1.802699867742227,1.1132867132867132,2.9129147522762793,3.2546992481203008,3.257711145222035,6926.0,6932.40931703249,0.9990754560587265,0.0009245439412735035
APR_DRG_SEVERITY_MEAN,apr_drg_code,251,322,1.91465958229191,0.96,3.406119356291136,2.940993788819876,3.0413412373215785,947.0,979.3118784175483,0.9670055279327762,0.032994472067223835
APR_DRG_SEVERITY_MEAN,apr_drg_code,252,465,4.197990833457411,2.780701754385965,7.301236879041763,6.505376344086022,6.577198307159178,3025.0,3058.397212829018,0.9890801584931719,0.01091984150682812
APR_DRG_SEVERITY_MEAN,apr_drg_code,253,1138,2.9181456926938867,1.9379084967320264,4.742026651517637,5.320738137082601,5.318031915624382,6055.0,6051.920319980547,1.0005088764981398,0.0005088764981397986
APR_DRG_SEVERITY_MEAN,apr_drg_code,254,2108,2.8417907585294846,1.579225352112676,5.681269549159997,4.451138519924099,4.443501989034233,9383.0,9366.902192884163,1.0017185838801719,0.0017185838801718756
APR_DRG_SEVERITY_MEAN,apr_drg_code,260,339,5.015440527916803,3.458333333333332,8.562703321967874,8.749262536873156,9.16920490176451,2966.0,3108.3604616981693,0.9542007873757362,0.045799212624263785
APR_DRG_SEVERITY_MEAN,apr_drg_code,261,43,4.5651490172694,2.882352941176471,7.22384092361328,7.906976744186046,7.649742186677892,340.0,328.93891402714934,1.033626565605849,0.03362656560584898
APR_DRG_SEVERITY_MEAN,apr_drg_code,263,1782,1.8038911223004575,1.3545966228893058,3.067180560482977,3.574635241301908,3.5740047034125246,6370.0,6368.876381481119,1.0001764233518722,0.00017642335187217917
APR_DRG_SEVERITY_MEAN,apr_drg_code,264,134,4.951548188634496,3.932712215320911,7.225816468795149,7.7835820895522385,8.381580079490698,1043.0,1123.1317306517535,0.9286533106804372,0.07134668931956278
APR_DRG_SEVERITY_MEAN,apr_drg_code,279,243,4.916095542034858,3.352941176470588,7.854180020618248,7.522633744855967,7.523771611054017,1828.0,1828.276501486126,0.999848763857162,0.00015123614283796272
APR_DRG_SEVERITY_MEAN,apr_drg_code,280,886,4.64466250939042,2.993377483443709,8.504878662931434,7.448081264108352,7.468119206662718,6599.0,6616.753617103168,0.9973168689465363,0.0026831310534637387
APR_DRG_SEVERITY_MEAN,apr_drg_code,281,603,5.116428173886173,3.666666666666666,8.426392231004188,7.908789386401327,7.936097821789879,4769.0,4785.466986539297,0.9965589593271428,0.0034410406728572207
APR_DRG_SEVERITY_MEAN,apr_drg_code,282,1508,2.342769394368414,1.8333333333333335,4.200058724782668,4.246021220159151,4.2386764878916665,6403.0,6391.924143740633,1.0017327890648098,0.001732789064809781
APR_DRG_SEVERITY_MEAN,apr_drg_code,283,681,3.284409635979063,2.241860465116279,5.045274433314493,5.790014684287812,5.791990971640166,3943.0,3944.3458516869528,0.9996587896351997,0.0003412103648002818
APR_DRG_SEVERITY_MEAN,apr_drg_code,284,1133,2.547461796641054,1.8915989159891597,4.120622047279181,4.598411297440424,4.6162350918754615,5210.0,5230.194359094898,0.9961388893589047,0.003861110641095289
APR_DRG_SEVERITY_MEAN,apr_drg_code,303,175,2.9758689522320556,1.5,5.02598008256963,5.937142857142857,6.353479402449988,1039.0,1111.858895428748,0.9344710954525821,0.06552890454741789
APR_DRG_SEVERITY_MEAN,apr_drg_code,304,1509,2.7762223076867296,1.854166666666667,5.028079408301416,5.186878727634195,5.1940405449075815,7827.0,7837.80718226554,0.9986211472144921,0.001378852785507867
APR_DRG_SEVERITY_MEAN,apr_drg_code,305,513,6.755179777852041,4.8558558558558556,10.968139694550263,13.500974658869396,13.494014035551713,6926.0,6922.429200238029,1.0005158304489192,0.00051583044891923
APR_DRG_SEVERITY_MEAN,apr_drg_code,308,1480,2.6484772623571984,1.8936170212765955,4.27998130419592,6.210135135135135,6.206872188788503,9191.0,9186.170839406985,1.0005256989748437,0.0005256989748436691
APR_DRG_SEVERITY_MEAN,apr_drg_code,309,244,4.759902184474648,2.6,8.562704973396935,6.905737704918033,7.010827281924989,1685.0,1710.6418567896974,0.9850103885346179,0.014989611465382136
APR_DRG_SEVERITY_MEAN,apr_drg_code,310,449,3.1254919608753102,1.9430894308943087,5.831210358359764,4.416481069042316,4.459122001237956,1983.0,2002.1457785558425,0.990437370364883,0.009562629635117004
APR_DRG_SEVERITY_MEAN,apr_drg_code,312,65,8.11323873331987,4.647058823529412,12.740265475070249,11.36923076923077,11.309460181468296,739.0,735.1149117954392,1.0052850080201365,0.005285008020136539
APR_DRG_SEVERITY_MEAN,apr_drg_code,313,940,3.5664425141765346,2.5543478260869565,5.232937951466962,5.923404255319149,5.909879391539581,5568.0,5555.286628047206,1.0022885177316698,0.0022885177316698257
APR_DRG_SEVERITY_MEAN,apr_drg_code,314,463,5.185805604657226,3.3228346456692917,9.071822580794853,9.557235421166308,9.548925897822961,4425.0,4421.152690692031,1.0008702050295772,0.0008702050295772423
APR_DRG_SEVERITY_MEAN,apr_drg_code,315,431,2.8693291437389004,1.85,4.789644608199265,4.5011600928074245,4.414317010111475,1940.0,1902.5706313580456,1.0196730507793224,0.019673050779322354
APR_DRG_SEVERITY_MEAN,apr_drg_code,316,111,2.0987858865332436,1.3529411764705883,2.9172534946819577,3.279279279279279,3.439543074810086,364.0,381.78928130391955,0.9534054983336251,0.04659450166637491
APR_DRG_SEVERITY_MEAN,apr_drg_code,317,287,4.544821668876357,2.5396825396825395,8.600723845018237,7.209059233449477,7.162307825231646,2069.0,2055.5823458414825,1.006527422355841,0.006527422355840917
APR_DRG_SEVERITY_MEAN,apr_drg_code,320,359,3.725163999648858,1.7199999999999998,6.872953686526329,5.465181058495822,5.610107926292877,1962.0,2014.028745539143,0.9741668307096504,0.025833169290349622
APR_DRG_SEVERITY_MEAN,apr_drg_code,321,984,2.9873732478014046,1.757861635220126,5.336588449925147,4.409552845528455,4.416442315051203,4339.0,4345.779238010384,0.9984400408674492,0.0015599591325508033
APR_DRG_SEVERITY_MEAN,apr_drg_code,322,321,1.6894079850969512,1.0434782608695654,2.8925364502205744,2.4922118380062304,2.5048074798550024,800.0,804.0432010334557,0.994971413192402,0.00502858680759799
APR_DRG_SEVERITY_MEAN,apr_drg_code,323,973,3.3469354256820063,2.3525179856115104,5.611180224998959,6.817060637204522,6.805494910322236,6633.0,6621.746547743535,1.0016994688901675,0.001699468890167477
APR_DRG_SEVERITY_MEAN,apr_drg_code,324,1247,1.7633497781609415,1.0810810810810811,3.2931930767713298,2.66158781074579,2.613312865806513,3319.0,3258.801143660721,1.0184727001389398,0.018472700138939757
APR_DRG_SEVERITY_MEAN,apr_drg_code,325,312,2.7906132126036023,1.5275397796817622,4.875944234594075,4.596153846153846,4.470485477021887,1434.0,1394.7914688308288,1.02811067607263,0.02811067607262996
APR_DRG_SEVERITY_MEAN,apr_drg_code,326,2235,1.5449842185765101,1.0612648221343872,3.532921448909797,2.453691275167785,2.4452032616015043,5484.0,5465.029289679362,1.0034712916098116,0.003471291609811633
APR_DRG_SEVERITY_MEAN,apr_drg_code,340,221,3.2305976050088745,2.4868421052631575,5.174536697327339,5.167420814479638,5.190866999538899,1142.0,1147.1816068980968,0.9954831851670743,0.004516814832925653
APR_DRG_SEVERITY_MEAN,apr_drg_code,341,278,2.644080811055525,1.929577464788732,4.364483001034514,5.118705035971223,5.169724540085145,1423.0,1437.1834221436704,0.9901310981429811,0.009868901857018941
APR_DRG_SEVERITY_MEAN,apr_drg_code,342,704,2.549643864654212,1.9794520547945207,3.740434157764986,4.590909090909091,4.598520527565409,3232.0,3237.358451406048,0.9983448075069596,0.0016551924930403583
APR_DRG_SEVERITY_MEAN,apr_drg_code,343,308,6.27444543004261,4.555555555555555,11.751234268995647,9.529220779220779,9.660988828591723,2935.0,2975.5845592062506,0.9863608113301016,0.013639188669898439
APR_DRG_SEVERITY_MEAN,apr_drg_code,344,681,5.130575122134679,3.5256410256410255,8.295970059136843,8.405286343612335,8.424673079228997,5724.0,5737.202366954947,0.9976988144899699,0.0023011855100301126
APR_DRG_SEVERITY_MEAN,apr_drg_code,346,408,4.334734925576047,2.9101123595505616,7.7091184051617265,6.987745098039215,7.009232401051182,2851.0,2859.7668196288823,0.9969344285104965,0.0030655714895034825
APR_DRG_SEVERITY_MEAN,apr_drg_code,347,1801,2.914365990348074,1.9353612167300378,5.06934747205332,5.031093836757357,5.0175705793267715,9061.0,9036.644613367516,1.0026951803102289,0.002695180310228862
APR_DRG_SEVERITY_MEAN,apr_drg_code,349,245,5.692703204533611,3.9111111111111114,8.803440556814673,7.873469387755102,7.961727660759174,1929.0,1950.6232768859977,0.9889146832490806,0.011085316750919394
APR_DRG_SEVERITY_MEAN,apr_drg_code,351,1732,2.8674023311905175,2.0814814814814815,4.695921695755104,4.804849884526559,4.811882173539719,8322.0,8334.179924570793,0.9985385575208324,0.001461442479167574
APR_DRG_SEVERITY_MEAN,apr_drg_code,361,115,4.506076617998077,2.8095238095238093,6.6714894302187435,8.295652173913043,8.421247546913747,954.0,968.4434678950809,0.985085894660972,0.014914105339028039
APR_DRG_SEVERITY_MEAN,apr_drg_code,362,292,1.2068728835500526,1.0948905109489053,2.054900683917675,2.1404109589041096,2.173281677557574,625.0,634.5982498468115,0.984875076713293,0.015124923286707004
APR_DRG_SEVERITY_MEAN,apr_drg_code,363,133,1.3867848607228637,1.206896551724138,2.425725214744452,2.6766917293233083,2.711760171353972,356.0,360.66410279007823,0.9870680149368984,0.012931985063101559
APR_DRG_SEVERITY_MEAN,apr_drg_code,364,604,3.8750079435934843,2.2808988764044944,8.887425308482706,5.812913907284768,5.8254345848629585,3511.0,3518.562489257227,0.9978506878077862,0.0021493121922138148
APR_DRG_SEVERITY_MEAN,apr_drg_code,380,506,5.947623491444276,3.6904761904761907,12.549491561082545,8.221343873517787,8.124701163367257,4160.0,4111.098788663832,1.0118949248972102,0.011894924897210224
APR_DRG_SEVERITY_MEAN,apr_drg_code,381,109,3.7635173118635215,2.666666666666667,6.85259693054895,5.825688073394495,5.7855855627463555,635.0,630.6288263393527,1.0069314523505386,0.006931452350538603
APR_DRG_SEVERITY_MEAN,apr_drg_code,382,95,8.680717551499905,6.35483870967742,14.70574027772958,10.43157894736842,10.410437944229121,991.0,988.9916047017666,1.0020307506036303,0.002030750603630338
APR_DRG_SEVERITY_MEAN,apr_drg_code,383,3022,2.302558971575496,1.6392742796157949,3.807815433853718,4.296823295830576,4.296411474170361,12985.0,12983.755474942831,1.000095852471927,9.585247192700486e-05
APR_DRG_SEVERITY_MEAN,apr_drg_code,384,361,2.5318345863034333,1.7043478260869565,4.7797080313039615,4.121883656509695,4.119450218385539,1488.0,1487.1215288371795,1.0005907191482242,0.0005907191482241725
APR_DRG_SEVERITY_MEAN,apr_drg_code,385,350,2.531954137611932,1.54,4.94656352749349,4.122857142857143,4.0645357435764895,1443.0,1422.5875102517714,1.0143488464513624,0.014348846451362363
APR_DRG_SEVERITY_MEAN,apr_drg_code,401,72,1.8966286913294437,1.2941176470588234,2.9570878355597388,3.138888888888889,3.0892542657094637,226.0,222.4263071310814,1.016066862391473,0.016066862391473036
APR_DRG_SEVERITY_MEAN,apr_drg_code,403,2411,0.6922638361267557,0.47853624208304013,1.9707401970971783,1.501036914143509,1.4165733156103666,3619.0,3415.358263936594,1.0596252926709613,0.05962529267096128
APR_DRG_SEVERITY_MEAN,apr_drg_code,404,208,1.638178949865824,0.5512820512820513,3.3834227858215042,2.625,2.4015363551543754,546.0,499.51956187211005,1.0930502860662545,0.09305028606625454
APR_DRG_SEVERITY_MEAN,apr_drg_code,405,72,8.588634359467692,4.625,16.824311148039026,12.194444444444445,13.085344593677926,878.0,942.1448107448107,0.9319161873915103,0.06808381260848972
APR_DRG_SEVERITY_MEAN,apr_drg_code,420,2488,2.601337820559747,1.6618257261410792,5.469145780649968,4.333601286173633,4.340464037626616,10782.0,10799.074525615022,0.9984188899174163,0.0015811100825836588
APR_DRG_SEVERITY_MEAN,apr_drg_code,421,525,8.557433063255035,5.129032258064516,16.28822889700596,10.312380952380952,10.301947627198865,5414.0,5408.5225042794045,1.0010127526910098,0.001012752691009755
APR_DRG_SEVERITY_MEAN,apr_drg_code,422,793,2.4131141061863937,1.3014705882352944,4.410696548699562,3.8158890290037832,3.8090372211875256,3026.0,3020.5665164017078,1.0017988293152256,0.0017988293152255697
APR_DRG_SEVERITY_MEAN,apr_drg_code,423,84,3.431681816471732,2.5855555555555556,4.979293135408624,4.892857142857143,4.727756033669347,411.0,397.1315068282251,1.0349216643185493,0.03492166431854926
APR_DRG_SEVERITY_MEAN,apr_drg_code,424,229,3.2256804069256115,1.896551724137931,5.778196816111872,5.554585152838428,5.551785223392253,1272.0,1271.358816156826,1.0005043295685103,0.00050432956851032
APR_DRG_SEVERITY_MEAN,apr_drg_code,425,1046,3.0414630943570797,2.230529595015576,5.777865755572192,4.6500956022944555,4.653121580163995,4864.0,4867.165172851538,0.9993496886300073,0.0006503113699927177
APR_DRG_SEVERITY_MEAN,apr_drg_code,426,1221,2.714995094565149,2.064516129032258,4.66861011322003,5.014742014742015,5.008245660320582,6123.0,6115.067951251431,1.0012971317427382,0.0012971317427381557
APR_DRG_SEVERITY_MEAN,apr_drg_code,427,160,4.8141345534767455,2.268292682926829,12.104837781519938,5.89375,5.925080392165247,943.0,948.0128627464395,0.9947122418445705,0.005287758155429478
APR_DRG_SEVERITY_MEAN,apr_drg_code,440,208,2.294543818673087,1.4765625,3.493568914164315,6.168269230769231,6.085061284580941,1283.0,1265.6927471928357,1.0136741344576319,0.013674134457631881
APR_DRG_SEVERITY_MEAN,apr_drg_code,441,116,6.0124029709501325,3.27027027027027,12.557445585214381,10.094827586206897,9.904432885898402,1171.0,1148.9142147642146,1.0192231804184944,0.019223180418494357
APR_DRG_SEVERITY_MEAN,apr_drg_code,442,322,1.7891663230255237,1.1733333333333333,3.052420312720275,2.940993788819876,2.923665056744206,947.0,941.4201482716343,1.0059270579014161,0.005927057901416122
APR_DRG_SEVERITY_MEAN,apr_drg_code,443,430,2.99082135949002,1.3666666666666667,7.765222468407195,4.288372093023256,4.276922497586389,1844.0,1839.0766739621472,1.0026770640439073,0.002677064043907329
APR_DRG_SEVERITY_MEAN,apr_drg_code,444,109,6.338970249239671,5.069767441860465,9.160985244618141,11.064220183486238,11.698556230269665,1206.0,1275.1426290993934,0.9457765527388671,0.05422344726113293
APR_DRG_SEVERITY_MEAN,apr_drg_code,445,69,4.722940556848215,2.4000000000000004,9.603008364579752,6.72463768115942,5.575254205419772,464.0,384.6925401739643,1.206158039327125,0.20615803932712495
APR_DRG_SEVERITY_MEAN,apr_drg_code,446,386,3.3210700640127615,1.73372216330859,5.849220457589095,5.007772020725389,4.984805802396608,1933.0,1924.1350397250908,1.0046072443419438,0.004607244341943817
APR_DRG_SEVERITY_MEAN,apr_drg_code,447,62,10.462184710256237,5.142857142857142,18.690173056782974,15.0,15.353886996593866,930.0,951.9409937888197,0.9769513090286276,0.02304869097137241
APR_DRG_SEVERITY_MEAN,apr_drg_code,461,118,6.903751482431368,5.050304878048781,11.696311698351948,8.88135593220339,8.84223608226064,1048.0,1043.3838577067556,1.0044242032873598,0.004424203287359818
APR_DRG_SEVERITY_MEAN,apr_drg_code,462,80,4.047680583305583,2.7222222222222223,6.189644912462973,6.6875,6.2928458347208345,535.0,503.4276667776668,1.0627147360104798,0.06271473601047983
APR_DRG_SEVERITY_MEAN,apr_drg_code,463,3634,2.6980549160917406,1.9410278011794437,5.3383262775737395,4.91937259218492,4.9168026719112525,17877.0,17867.66090972549,1.0005226811904309,0.0005226811904308626
APR_DRG_SEVERITY_MEAN,apr_drg_code,465,604,1.4044332350882422,1.074433656957929,2.4314216355597735,2.480132450331126,2.4623517048617596,1498.0,1487.2604297365028,1.007221042158299,0.007221042158298996
APR_DRG_SEVERITY_MEAN,apr_drg_code,466,1673,3.584165557528279,2.680511182108626,5.936485877344198,6.586969515839809,6.596335875663699,11020.0,11035.669919985368,0.9985800662670247,0.0014199337329753314
APR_DRG_SEVERITY_MEAN,apr_drg_code,468,376,2.5638312799372533,1.5543478260869565,4.181474899462985,4.111702127659575,4.114773272816567,1546.0,1547.1547505790293,0.9992536295554164,0.0007463704445835884
APR_DRG_SEVERITY_MEAN,apr_drg_code,469,2960,3.5211336413125025,2.2853881278538815,5.817658469788006,6.176351351351351,6.174952290739833,18282.0,18277.858780589908,1.0002265702706101,0.0002265702706101269
APR_DRG_SEVERITY_MEAN,apr_drg_code,470,481,3.988600200742557,3.0236686390532546,8.009906789486031,5.731808731808732,5.660583352825792,2757.0,2722.740592709206,1.0125826923734607,0.012582692373460658
APR_DRG_SEVERITY_MEAN,apr_drg_code,480,172,0.8907605096484267,0.3943661971830985,1.5416382467882095,1.744186046511628,1.7237834092123334,300.0,296.49074638452134,1.0118359633758265,0.011835963375826486
APR_DRG_SEVERITY_MEAN,apr_drg_code,482,178,2.4150711745791,1.5,5.417489338919348,3.207865168539326,3.2075035704625385,571.0,570.9356355423319,1.0001127350504353,0.00011273505043529752
APR_DRG_SEVERITY_MEAN,apr_drg_code,483,99,2.383802049933957,0.7727272727272727,6.3369722389044645,3.1818181818181817,2.6446754209677557,315.0,261.8228666758078,1.2031034722037353,0.20310347220373526
APR_DRG_SEVERITY_MEAN,apr_drg_code,484,144,1.9453970908883629,1.13953488372093,3.151208888387824,2.7569444444444446,2.800383398999075,397.0,403.2552094558668,0.9844882116605331,0.01551178833946687
APR_DRG_SEVERITY_MEAN,apr_drg_code,500,86,8.55178640287829,6.282051282051281,11.866741172350896,10.081395348837209,10.323130047888982,867.0,887.7891841184526,0.9765831973509617,0.023416802649038337
APR_DRG_SEVERITY_MEAN,apr_drg_code,501,271,2.5124607051367334,1.7346938775510203,3.831227275657988,4.291512915129151,4.291803165318814,1163.0,1163.0786578013985,0.9999323710388193,6.762896118073236e-05
APR_DRG_SEVERITY_MEAN,apr_drg_code,510,34,4.142720457166824,1.8011363636363635,11.537643254937716,5.9411764705882355,3.9938659955960993,202.0,135.79144385026737,1.4875753160319773,0.48757531603197735
APR_DRG_SEVERITY_MEAN,apr_drg_code,511,108,2.444447553475331,1.625,3.602143775668649,5.555555555555555,5.276444260472038,600.0,569.8559801309801,1.0528976108350945,0.05289761083509448
APR_DRG_SEVERITY_MEAN,apr_drg_code,512,120,2.0899520087755383,1.1538461538461537,3.5515810187517225,3.841666666666667,3.8640114787173605,461.0,463.6813774460833,0.9942171983251687,0.0057828016748312505
APR_DRG_SEVERITY_MEAN,apr_drg_code,513,418,1.4158904972243216,0.6464088397790055,3.28247185252261,2.3038277511961724,2.251543769634413,963.0,941.1452957071847,1.023221392480524,0.023221392480524017
APR_DRG_SEVERITY_MEAN,apr_drg_code,514,31,2.055541770057899,0.9166666666666667,3.282726769236595,2.6774193548387095,2.554631927212573,83.0,79.19358974358977,1.0480646257952757,0.048064625795275706
APR_DRG_SEVERITY_MEAN,apr_drg_code,517,49,4.175307925367949,2.076923076923077,7.251327182790241,5.938775510204081,5.987311847816049,291.0,293.37828054298643,0.9918934675784973,0.008106532421502721
APR_DRG_SEVERITY_MEAN,apr_drg_code,518,78,3.06568012116089,0.9375,6.816585524940736,3.8846153846153846,3.837172795153564,303.0,299.299478021978,1.0123639439750385,0.012363943975038483
APR_DRG_SEVERITY_MEAN,apr_drg_code,519,546,1.2897725372631095,0.7379310344827585,4.642278548278477,2.4175824175824174,2.3851928769460278,1320.0,1302.3153108125312,1.0135794220037504,0.013579422003750397
APR_DRG_SEVERITY_MEAN,apr_drg_code,530,183,9.478334949154934,6.8125,16.944555403957025,9.92896174863388,9.71988343048833,1817.0,1778.7386677793645,1.0215103730040356,0.021510373004035577
APR_DRG_SEVERITY_MEAN,apr_drg_code,531,135,2.3078519329207,1.6785714285714284,4.459471252883848,3.7185185185185183,3.70522266328968,502.0,500.2050595441068,1.003588409236662,0.003588409236662038
APR_DRG_SEVERITY_MEAN,apr_drg_code,532,215,1.43261783457067,1.0,2.0016633226699128,2.525581395348837,2.5411951155672043,543.0,546.356949846949,0.993855757032304,0.006144242967696001
APR_DRG_SEVERITY_MEAN,apr_drg_code,539,862,1.1265093730615037,0.5226130653266332,2.257060730520111,3.0533642691415315,3.0640651431821446,2632.0,2641.224153423009,0.9965076218877317,0.003492378112268324
APR_DRG_SEVERITY_MEAN,apr_drg_code,540,6956,1.1994591436397748,0.8116009280742458,2.8693538381084944,3.5684301322599197,3.5674139826115283,24822.0,24814.93166304579,1.0002848420882309,0.0002848420882308744
APR_DRG_SEVERITY_MEAN,apr_drg_code,541,135,0.9605617117012998,0.606060606060606,1.9969197790789066,2.7333333333333334,2.7458224246019824,369.0,370.6860273212676,0.9954516027122696,0.004548397287730377
APR_DRG_SEVERITY_MEAN,apr_drg_code,542,568,0.8562760942749712,0.7051282051282053,1.3657841484374589,2.859154929577465,2.8572669863599587,1624.0,1622.9276482524565,1.0006607514196324,0.0006607514196323994
APR_DRG_SEVERITY_MEAN,apr_drg_code,547,135,1.651677356267224,0.9333333333333336,3.528710885731247,2.474074074074074,2.4501242849353577,334.0,330.7667784662733,1.0097749282703625,0.009774928270362526
APR_DRG_SEVERITY_MEAN,apr_drg_code,548,89,1.3654930504749236,1.0526315789473684,2.5727027697306455,2.6741573033707864,2.479086199755729,238.0,220.63867177825986,1.0786866965877502,0.07868669658775018
APR_DRG_SEVERITY_MEAN,apr_drg_code,560,14413,0.6880380873956015,0.461267605633803,1.2449259430024575,2.3471171858738638,2.346985627867781,33829.0,33827.10385445833,1.0000560540314012,5.605403140118703e-05
APR_DRG_SEVERITY_MEAN,apr_drg_code,561,630,1.1672964429640933,0.8505747126436782,2.0943396238310203,2.376190476190476,2.3778584431427676,1497.0,1498.0508191799436,0.9992985423681963,0.0007014576318037369
APR_DRG_SEVERITY_MEAN,apr_drg_code,566,1384,1.9215118350044282,1.3841463414634148,4.193143424050645,2.7471098265895955,2.7540056635480603,3802.0,3811.5438383505157,0.9974960701607342,0.0025039298392658393
APR_DRG_SEVERITY_MEAN,apr_drg_code,581,184,0.5069037622100007,0.3392857142857142,0.7209670009702039,1.315217391304348,1.3090974068263446,242.0,240.8739228560474,1.0046749649385067,0.0046749649385067205
APR_DRG_SEVERITY_MEAN,apr_drg_code,588,16,28.23269230769231,24.400000000000006,37.50902879674717,103.0,98.0065934065934,1648.0,1568.1054945054943,1.050949700625659,0.050949700625658956
APR_DRG_SEVERITY_MEAN,apr_drg_code,589,27,36.54122708567153,31.200000000000003,47.314826959925654,43.25925925925926,43.13928170594837,1168.0,1164.760606060606,1.0027811671536093,0.0027811671536093208
APR_DRG_SEVERITY_MEAN,apr_drg_code,591,33,41.075168690958165,45.333333333333336,46.9886166588701,72.66666666666667,69.9577015090173,2398.0,2308.6041497975707,1.0387229011133277,0.03872290111332766
APR_DRG_SEVERITY_MEAN,apr_drg_code,593,43,25.446159859292557,22.0,33.13803781504574,76.13953488372093,74.87703732655854,3274.0,3219.712605042017,1.0168609443193688,0.016860944319368798
APR_DRG_SEVERITY_MEAN,apr_drg_code,602,58,18.393900965673012,14.111111111111114,25.025730131878415,58.810344827586206,58.83433629099677,3411.0,3412.3915048778126,0.9995922200381101,0.00040777996188989807
APR_DRG_SEVERITY_MEAN,apr_drg_code,607,79,15.094175645299853,9.541666666666664,19.859623248066985,42.835443037974684,42.7737407971004,3384.0,3379.125522970932,1.0014425261790165,0.0014425261790165234
APR_DRG_SEVERITY_MEAN,apr_drg_code,608,13,14.953296703296703,11.0,20.950708859769986,29.0,23.0467032967033,377.0,299.6071428571429,1.2583144594111335,0.2583144594111335
APR_DRG_SEVERITY_MEAN,apr_drg_code,609,18,32.48456790123456,32.0,41.12735956848489,48.05555555555556,46.74382716049383,865.0,841.3888888888889,1.0280620666886762,0.02806206668867617
APR_DRG_SEVERITY_MEAN,apr_drg_code,611,50,14.913000000000002,12.325,19.25971797618088,26.42,27.155128205128204,1321.0,1357.7564102564102,0.9729285680562769,0.02707143194372308
APR_DRG_SEVERITY_MEAN,apr_drg_code,612,174,10.101254453601292,7.173913043478262,13.797303291687056,27.614942528735632,27.950219701008248,4805.0,4863.338227975435,0.9880044888426934,0.011995511157306571
APR_DRG_SEVERITY_MEAN,apr_drg_code,614,188,6.004808919465638,4.925925925925926,7.961166440394187,12.414893617021276,12.176962298742593,2334.0,2289.2689121636076,1.0195394641488913,0.019539464148891295
APR_DRG_SEVERITY_MEAN,apr_drg_code,621,69,6.836738462825418,3.642857142857143,9.968339339606633,12.27536231884058,11.989615859181077,847.0,827.2834942834943,1.02383282859231,0.02383282859230995
APR_DRG_SEVERITY_MEAN,apr_drg_code,622,185,6.337753939049135,4.8235294117647065,8.525302166427773,13.691891891891892,13.540504928340587,2533.0,2504.9934117430084,1.0111803041579674,0.011180304157967447
APR_DRG_SEVERITY_MEAN,apr_drg_code,625,121,4.667846680393455,3.947368421052632,5.9429134843480895,8.834710743801653,8.705232890668427,1069.0,1053.3331797708797,1.0148735656770331,0.01487356567703313
APR_DRG_SEVERITY_MEAN,apr_drg_code,626,980,1.6450480470689495,1.0611510791366907,2.7953361882653125,3.2887755102040814,3.3098584270032565,3223.0,3243.661258463191,0.9936302662895877,0.006369733710412273
APR_DRG_SEVERITY_MEAN,apr_drg_code,630,16,20.431439393939392,8.5,34.78941710119024,33.0625,25.00643939393939,529.0,400.10303030303027,1.3221594437796327,0.3221594437796327
APR_DRG_SEVERITY_MEAN,apr_drg_code,631,32,17.384615384615383,9.43956043956044,25.222809152551637,35.75,35.88907967032967,1144.0,1148.4505494505495,0.9961247356686983,0.0038752643313016977
APR_DRG_SEVERITY_MEAN,apr_drg_code,633,438,4.397621367190024,1.7205882352941178,10.105176154727895,6.1438356164383565,6.0556857875963,2691.0,2652.3903749671795,1.0145565394133578,0.014556539413357772
APR_DRG_SEVERITY_MEAN,apr_drg_code,634,514,3.715041085019246,2.7523809523809524,6.867584460858088,6.400778210116732,6.356824850995596,3290.0,3267.4079734117363,1.0069143574270811,0.00691435742708113
APR_DRG_SEVERITY_MEAN,apr_drg_code,636,75,3.7484788261949777,2.894736842105263,5.672475593482492,6.573333333333333,6.124938903484093,493.0,459.370417761307,1.0732079840982864,0.07320798409828644
APR_DRG_SEVERITY_MEAN,apr_drg_code,639,666,1.9774645838457605,1.2349397590361444,3.152611488194004,3.8843843843843846,3.858019160533517,2587.0,2569.4407609153222,1.0068338758191189,0.006833875819118873
APR_DRG_SEVERITY_MEAN,apr_drg_code,640,19621,0.5586518832994886,0.2658315935977731,0.9775898809164992,2.0943376994037,2.0936727376892037,41093.0,41079.952786199865,1.0003176053747684,0.0003176053747684371
APR_DRG_SEVERITY_MEAN,apr_drg_code,650,24,5.420138888888888,2.625,8.10282765287663,8.208333333333334,8.09375,197.0,194.25,1.0141570141570142,0.014157014157014203
APR_DRG_SEVERITY_MEAN,apr_drg_code,651,24,3.3211805555555554,2.1333333333333333,4.51919897777473,4.333333333333333,4.660532407407408,104.0,111.85277777777779,0.9297936275361958,0.07020637246380423
APR_DRG_SEVERITY_MEAN,apr_drg_code,660,619,4.1159562464027974,2.8000000000000007,7.4038046587084265,6.434571890145396,6.554453145341472,3983.0,4057.206496966371,0.981709953136017,0.018290046863982945
APR_DRG_SEVERITY_MEAN,apr_drg_code,661,394,3.3613346081680433,2.138461538461539,6.3493872056196405,5.274111675126903,5.214736331784591,2078.0,2054.606114723129,1.011386068166172,0.011386068166171937
APR_DRG_SEVERITY_MEAN,apr_drg_code,662,908,3.911848625094472,2.6717740546128006,6.7558693593968115,5.894273127753304,5.79503357112909,5352.0,5261.890482585213,1.0171249321347553,0.0171249321347553
APR_DRG_SEVERITY_MEAN,apr_drg_code,663,1524,2.338424084457458,1.5071090047393367,4.121037381246376,4.062335958005249,4.054775069240425,6191.0,6179.4772055224075,1.001864687593199,0.0018646875931989104
APR_DRG_SEVERITY_MEAN,apr_drg_code,680,194,4.231383460607917,2.7714285714285714,6.93138615820261,8.20103092783505,8.157903280484588,1591.0,1582.6332364140098,1.0052866092999209,0.005286609299920864
APR_DRG_SEVERITY_MEAN,apr_drg_code,681,175,6.6620536239007455,4.0476190476190474,10.313807869571573,10.771428571428572,11.119208097187514,1885.0,1945.861417007815,0.9687226353964083,0.03127736460359165
APR_DRG_SEVERITY_MEAN,apr_drg_code,690,227,12.786610483229905,11.283783783783782,16.642819550235917,18.295154185022028,18.31849247375009,4153.0,4158.29779154127,0.9987259711047999,0.0012740288952001189
APR_DRG_SEVERITY_MEAN,apr_drg_code,691,460,6.7623590441736665,4.265398550724639,10.260622363783074,10.517391304347827,10.549837164066833,4838.0,4852.925095470743,0.9969245155906749,0.0030754844093251466
APR_DRG_SEVERITY_MEAN,apr_drg_code,692,11,29.269696969696973,18.666666666666668,38.942772050144235,16.454545454545453,22.17878787878788,181.0,243.96666666666667,0.7419046317802979,0.25809536821970214
APR_DRG_SEVERITY_MEAN,apr_drg_code,694,300,5.1606545694008075,3.7711538461538465,8.15771788002762,8.393333333333333,8.508932748371283,2518.0,2552.679824511385,0.9864143461399343,0.013585653860065716
APR_DRG_SEVERITY_MEAN,apr_drg_code,695,239,6.530955839326947,3.625,10.458765081751793,10.242677824267782,10.371840748885427,2448.0,2478.869938983617,0.9875467693975609,0.01245323060243908
APR_DRG_SEVERITY_MEAN,apr_drg_code,696,711,3.029811062400206,1.8469055374592833,5.691831995069594,5.29676511954993,5.606105185385234,3766.0,3985.940786808901,0.9448208594726809,0.05517914052731909
APR_DRG_SEVERITY_MEAN,apr_drg_code,710,1836,9.414138952605056,6.3668920187793425,14.841043120022503,15.69553376906318,15.683032127942548,28817.0,28794.04698690252,1.000797144392656,0.0007971443926559907
APR_DRG_SEVERITY_MEAN,apr_drg_code,711,414,6.923365839841567,4.356423611111111,12.501499260307906,11.318840579710145,11.348777912693873,4686.0,4698.394055855263,0.997362065482818,0.0026379345171819724
APR_DRG_SEVERITY_MEAN,apr_drg_code,720,15380,4.578885434418335,3.205527638190955,7.753071140889652,7.735760728218466,7.732657968819391,118976.0,118928.27956044223,1.0004012539299665,0.000401253929966483
APR_DRG_SEVERITY_MEAN,apr_drg_code,721,837,3.8295549095813177,2.5810055865921786,6.287517123048953,6.996415770609319,7.0155511382266065,5856.0,5872.01630269567,0.9972724355877014,0.0027275644122986
APR_DRG_SEVERITY_MEAN,apr_drg_code,722,191,2.4680215614585426,1.2678571428571428,4.862669096520587,3.4764397905759163,3.627302028812054,664.0,692.8146875031023,0.9584092427270124,0.041590757272987555
APR_DRG_SEVERITY_MEAN,apr_drg_code,723,402,1.8873807287680866,1.1520000000000001,3.113359456411065,3.3955223880597014,3.409527724787214,1365.0,1370.63014536446,0.9958922942243015,0.0041077057756985225
APR_DRG_SEVERITY_MEAN,apr_drg_code,724,423,3.3899525709663454,2.274336283185841,5.173270787893841,5.4373522458628845,5.5048102795160085,2300.0,2328.5347482352718,0.9877456206067368,0.012254379393263237
APR_DRG_SEVERITY_MEAN,apr_drg_code,740,118,3.5532662149969165,2.142857142857143,7.907990987043924,5.305084745762712,5.166760483319319,626.0,609.6777370316796,1.026771951765515,0.026771951765514945
APR_DRG_SEVERITY_MEAN,apr_drg_code,750,3361,13.38132269843084,9.696225284601557,20.35004753766222,19.969651889318655,20.24766954661419,67118.0,68052.41734617029,0.9862691527706198,0.013730847229380228
APR_DRG_SEVERITY_MEAN,apr_drg_code,751,2115,6.766512114153496,4.889546351084812,10.931196285611911,11.45579196217494,11.53738381726352,24229.0,24401.566773512342,0.9929280453540523,0.007071954645947676
APR_DRG_SEVERITY_MEAN,apr_drg_code,752,165,8.991001206755291,5.539325842696629,17.55154610205132,11.072727272727272,11.426824313823989,1827.0,1885.426011780958,0.9690117716548478,0.030988228345152247
APR_DRG_SEVERITY_MEAN,apr_drg_code,753,2136,7.536713738365588,5.352913999075969,12.461923620948252,12.462078651685394,12.541914419162916,26619.0,26789.529199331988,0.9936344831570896,0.006365516842910424
APR_DRG_SEVERITY_MEAN,apr_drg_code,754,1026,4.62637756476545,3.508241758241758,7.385241877240303,8.181286549707602,8.12603006969085,8394.0,8337.306851502814,1.0067999354596104,0.00679993545961044
APR_DRG_SEVERITY_MEAN,apr_drg_code,755,365,4.379837502288983,2.9655172413793105,9.068063223455184,6.926027397260274,6.999396508937063,2528.0,2554.779725762028,0.9895177946294214,0.010482205370578646
APR_DRG_SEVERITY_MEAN,apr_drg_code,756,377,4.8226585077851345,3.385714285714286,9.528710153566163,5.710875331564987,5.921037212332263,2153.0,2232.2310290492633,0.9645059010388325,0.03549409896116751
APR_DRG_SEVERITY_MEAN,apr_drg_code,757,110,11.860976736560989,8.05952380952381,18.807377217465902,13.372727272727273,12.384936584828575,1471.0,1362.3430243311432,1.079757427995936,0.0797574279959361
APR_DRG_SEVERITY_MEAN,apr_drg_code,758,141,7.882892386359156,5.459016393442623,11.920607225528268,11.106382978723405,11.121166112386819,1566.0,1568.0844218465413,0.9986707209015655,0.0013292790984344993
APR_DRG_SEVERITY_MEAN,apr_drg_code,759,61,9.50089529394965,8.5,14.08238279030685,14.39344262295082,12.940629330404997,878.0,789.3783891547048,1.1122675918961937,0.11226759189619373
APR_DRG_SEVERITY_MEAN,apr_drg_code,760,117,8.406521144466737,6.4,13.469192624585284,11.11111111111111,11.291424812953894,1300.0,1321.0967031156056,0.984030916839129,0.015969083160870978
APR_DRG_SEVERITY_MEAN,apr_drg_code,770,1383,2.025715106477306,1.5606796116504853,3.4591290131182713,2.935647143890094,2.993788194731424,4060.0,4140.40907331356,0.9805794374686729,0.019420562531327068
APR_DRG_SEVERITY_MEAN,apr_drg_code,772,1336,10.210231517005774,10.923512747875353,11.845264427012408,14.652694610778443,15.10168610432627,19576.0,20175.852635379895,0.9702687838665114,0.029731216133488614
APR_DRG_SEVERITY_MEAN,apr_drg_code,773,872,2.658902615536,1.634615384615385,4.579563045599393,5.283256880733945,5.341031340530618,4607.0,4657.3793289426985,0.9891829019316458,0.01081709806835418
APR_DRG_SEVERITY_MEAN,apr_drg_code,774,486,3.56809692146676,2.289010693938545,6.02794665415539,5.652263374485597,5.649565690595998,2747.0,2745.688925629655,1.0004775028802815,0.00047750288028147736
APR_DRG_SEVERITY_MEAN,apr_drg_code,775,2408,2.694569524028643,1.9506849315068493,4.455650300388421,4.8816445182724255,4.86999559012768,11755.0,11726.949381027454,1.0023919791977551,0.002391979197755134
APR_DRG_SEVERITY_MEAN,apr_drg_code,776,213,5.274087120049081,3.8666666666666663,8.4274687176203,6.788732394366197,7.189411471195268,1446.0,1531.3446433645922,0.9442681673688574,0.055731832631142564
APR_DRG_SEVERITY_MEAN,apr_drg_code,792,135,5.5486605408570995,3.3478260869565215,8.333509389502098,8.866666666666667,8.738600143046071,1197.0,1179.7110193112196,1.0146552676085663,0.01465526760856628
APR_DRG_SEVERITY_MEAN,apr_drg_code,793,188,5.25242376421849,3.3928571428571432,8.768632727529047,7.569148936170213,7.695966118353952,1423.0,1446.841630250543,0.9835216033655222,0.01647839663447781
APR_DRG_SEVERITY_MEAN,apr_drg_code,794,36,3.9843274009940686,2.3888888888888893,7.7978412220586675,5.166666666666667,4.417748917748919,186.0,159.03896103896108,1.16952474277315,0.1695247427731501
APR_DRG_SEVERITY_MEAN,apr_drg_code,810,189,2.2285351894534546,1.2195121951219514,5.273948589515081,3.4761904761904763,3.4127772917823735,657.0,645.0149081468686,1.0185811082840932,0.018581108284093206
APR_DRG_SEVERITY_MEAN,apr_drg_code,811,179,1.7220132288134848,1.0384615384615383,2.8418313540956524,2.8491620111731844,2.889396343460134,510.0,517.201945479364,0.9860751771289473,0.013924822871052678
APR_DRG_SEVERITY_MEAN,apr_drg_code,812,754,3.123771872575763,1.8114285714285714,6.744310370992847,4.538461538461538,4.55322222738278,3422.0,3433.129559446616,0.9967581883369383,0.0032418116630617
APR_DRG_SEVERITY_MEAN,apr_drg_code,813,567,3.023298033907494,1.921875,4.8263547896111225,4.929453262786596,4.92755497803704,2795.0,2793.9236725470014,1.0003852386747623,0.00038523867476225604
APR_DRG_SEVERITY_MEAN,apr_drg_code,815,124,10.777198135154615,7.718253968253968,21.726352219655404,8.32258064516129,9.027944871299889,1032.0,1119.4651640411862,0.9218687933750047,0.07813120662499529
APR_DRG_SEVERITY_MEAN,apr_drg_code,816,476,3.8986315041238138,2.5304347826086957,9.423162157351015,4.897058823529412,4.918409187824012,2331.0,2341.1627734042295,0.9956590914909125,0.004340908509087527
APR_DRG_SEVERITY_MEAN,apr_drg_code,817,498,3.7629000603960914,2.540322580645161,6.546682222983216,5.502008032128514,5.623314760164774,2740.0,2800.4107505620577,0.9784278964969931,0.021572103503006868
APR_DRG_SEVERITY_MEAN,apr_drg_code,842,66,10.917685092685092,5.616666666666666,20.02020034770783,15.636363636363637,14.213853066125793,1032.0,938.1143023643024,1.100079166684785,0.10007916668478489
APR_DRG_SEVERITY_MEAN,apr_drg_code,843,28,3.39625850340136,4.0,4.170310029773572,6.321428571428571,6.171060090702946,177.0,172.7896825396825,1.0243667179569622,0.024366717956962214
APR_DRG_SEVERITY_MEAN,apr_drg_code,844,117,2.477005944457495,2.0232558139534884,3.6081960547726677,3.8376068376068377,3.840370392957602,449.0,449.32333597603946,0.9992803935381253,0.0007196064618747444
APR_DRG_SEVERITY_MEAN,apr_drg_code,850,174,6.469765027387572,2.795918367346939,12.912869931662282,7.873563218390805,8.061347570835316,1370.0,1402.674477325345,0.9767055878940284,0.023294412105971607
APR_DRG_SEVERITY_MEAN,apr_drg_code,860,811,6.411809603166912,4.737451737451737,10.427732677690724,14.516646115906289,14.571096152170714,11773.0,11817.15897941045,0.9962631475562451,0.003736852443754879
APR_DRG_SEVERITY_MEAN,apr_drg_code,861,1092,4.087163918202862,2.943502824858757,8.072739385049214,5.612637362637362,5.608523768238508,6129.0,6124.507954916451,1.0007334540368982,0.0007334540368981735
APR_DRG_SEVERITY_MEAN,apr_drg_code,862,1157,6.355583659825672,5.301075268817204,9.398293800276955,9.881590319792567,9.372906624970181,11433.0,10844.452965090499,1.0542717126261785,0.05427171262617847
APR_DRG_SEVERITY_MEAN,apr_drg_code,890,265,9.08228814339202,6.933333333333334,14.495406081236743,12.89056603773585,12.91246625281336,3416.0,3421.8035569955405,0.9983039479330497,0.0016960520669503376
APR_DRG_SEVERITY_MEAN,apr_drg_code,892,215,4.845657547806444,3.3536585365853657,8.098407101129299,7.386046511627907,7.481162794453626,1588.0,1608.4500008075295,0.9872858958641783,0.012714104135821747
APR_DRG_SEVERITY_MEAN,apr_drg_code,893,70,4.08878391631252,2.894736842105263,7.636955768678815,5.742857142857143,5.491647285916653,402.0,384.41531001416575,1.0457439897104677,0.04574398971046767
APR_DRG_SEVERITY_MEAN,apr_drg_code,894,102,3.115037516063508,1.9666666666666668,4.787012623623027,4.480392156862745,4.147886051849197,457.0,423.0843772886181,1.0801627867441805,0.08016278674418054
APR_DRG_SEVERITY_MEAN,apr_drg_code,910,28,9.518398268398268,9.5,10.852822138892968,16.214285714285715,15.723665223665222,454.0,440.2626262626262,1.031202679759556,0.03120267975955593
APR_DRG_SEVERITY_MEAN,apr_drg_code,911,78,7.188937873720483,5.863636363636363,9.522874170614262,12.576923076923077,12.447527110570588,981.0,970.9071146245059,1.0103953150857252,0.01039531508572522
APR_DRG_SEVERITY_MEAN,apr_drg_code,912,292,6.19352328603234,4.052289156626506,10.927429289104296,12.441780821917808,12.231726078406167,3633.0,3571.6640148946008,1.0171729437174424,0.01717294371744238
APR_DRG_SEVERITY_MEAN,apr_drg_code,930,297,4.089565745522207,2.724137931034483,6.200589864857374,6.754208754208754,6.560401287917546,2006.0,1948.4391825115113,1.0295420139387126,0.029542013938712586
APR_DRG_SEVERITY_MEAN,apr_drg_code,950,414,7.737435013536651,4.560962566844919,13.333131351069019,12.828502415458937,12.881046670603952,5311.0,5332.753321630036,0.9959208085733493,0.004079191426650697
APR_DRG_SEVERITY_MEAN,apr_drg_code,951,587,8.968488799874411,4.571428571428571,16.874412611679965,12.671209540034072,12.580755108348775,7438.0,7384.903248600731,1.0071899048114583,0.007189904811458314
APR_DRG_SEVERITY_MEAN,apr_drg_code,952,301,6.689401126558517,3.207792207792208,13.460293111784635,9.29235880398671,9.320294601614046,2797.0,2805.408675085828,0.9970026915648678,0.00299730843513224
APR_DRG_SEVERITY_MEAN,apr_drg_code,955,40,1.4546666666666668,1.074074074074074,2.131602376571658,2.95,2.9426455026455027,118.0,117.70582010582011,1.0024992807825086,0.002499280782508606
APR_DRG_SEVERITY_MEAN,apr_drg_code,956,11,18.720454545454547,12.3,37.29286657964594,14.181818181818182,7.8113636363636365,156.0,85.925,1.815536805353506,0.8155368053535059
XGBOOST,apr_drg_code,001,87,11.028679869640833,6.0146942138671875,18.062036340231185,24.149425287356323,22.657600523411542,2101.0,1971.2112455368042,1.0658421337424195,0.06584213374241954
XGBOOST,apr_drg_code,002,54,29.085684793966788,19.831724166870117,40.93259140106418,46.46296296296296,34.92266356503522,2509.0,1885.8238325119019,1.3304530130250993,0.33045301302509933
XGBOOST,apr_drg_code,004,262,25.197829919916984,20.92580795288086,30.884833468501984,56.93893129770992,57.119168503593855,14918.0,14965.22214794159,0.996844540797673,0.00315545920232696
XGBOOST,apr_drg_code,005,277,20.210761424866824,15.74417495727539,26.67577767073813,47.94584837545126,48.095554606578844,13281.0,13322.468626022339,0.9968873166688237,0.0031126833311763136
XGBOOST,apr_drg_code,007,92,13.082659254903378,9.629185676574707,19.904729586000325,35.69565217391305,34.37171721458435,3284.0,3162.1979837417603,1.0385181499970835,0.03851814999708347
XGBOOST,apr_drg_code,008,98,6.909950674796591,4.10600471496582,11.477869798786973,19.428571428571427,18.32082192751826,1904.0,1795.4405488967896,1.0604639631036044,0.06046396310360436
XGBOOST,apr_drg_code,009,90,17.099351119995116,14.01650857925415,23.297500448600502,20.622222222222224,20.68583460913764,1856.0,1861.7251148223877,0.9969248334371136,0.003075166562886422
XGBOOST,apr_drg_code,011,67,7.006478103239145,5.572701454162598,10.971918786021208,16.35820895522388,15.222194436770767,1096.0,1019.8870272636414,1.0746288272148827,0.07462882721488273
XGBOOST,apr_drg_code,020,118,7.559518440295074,5.142663478851318,11.983275894581977,14.23728813559322,13.115214256917016,1680.0,1547.5952823162079,1.085555131368473,0.08555513136847304
XGBOOST,apr_drg_code,021,1034,5.95625473867302,2.997943162918091,11.019360278453982,10.044487427466152,9.784511001013234,10386.0,10117.184375047684,1.0265702012523668,0.026570201252366754
XGBOOST,apr_drg_code,022,132,4.0639771259192266,2.173285961151123,8.146053128814831,5.28030303030303,5.33005880948269,697.0,703.5677628517151,0.9906650600006253,0.009334939999374736
XGBOOST,apr_drg_code,023,214,4.526606360328532,2.479064464569092,8.391641690539611,8.953271028037383,7.795499733675306,1916.0,1668.2369430065155,1.1485179057040682,0.1485179057040682
XGBOOST,apr_drg_code,024,352,2.7764393199573862,1.8693695068359375,4.406647622777698,3.4573863636363638,4.2938890192996375,1217.0,1511.4489347934723,0.8051876394793936,0.19481236052060635
XGBOOST,apr_drg_code,026,144,10.022607475933102,2.8446627855300903,20.358472845691548,11.32638888888889,10.217139288369152,1631.0,1471.268057525158,1.1085675323798776,0.1085675323798776
XGBOOST,apr_drg_code,027,74,2.8380771907600195,1.679521083831787,4.452320566226641,4.378378378378378,4.776807971902795,324.0,353.4837899208069,0.9165908288823872,0.08340917111761281
XGBOOST,apr_drg_code,029,154,5.376738456936626,2.198519229888916,10.597739500996592,7.246753246753247,6.7459961144955125,1116.0,1038.883401632309,1.0742302728549944,0.0742302728549944
XGBOOST,apr_drg_code,030,771,3.641933523263449,1.9247660636901855,5.881959683152953,5.931258106355383,6.6574518184253675,4573.0,5132.895352005959,0.8909201700776641,0.10907982992233589
XGBOOST,apr_drg_code,040,94,6.405170922583722,3.9838292598724365,9.448148153129646,10.24468085106383,7.787677115582405,963.0,732.0416488647461,1.3154989220810391,0.31549892208103913
XGBOOST,apr_drg_code,041,355,6.115535085302004,4.384791851043701,10.413462090714573,8.52112676056338,8.19007893213084,3025.0,2907.4780209064484,1.0404205907141861,0.04042059071418613
XGBOOST,apr_drg_code,042,1286,9.28699497301508,5.501476764678955,17.90232692205262,11.681181959564542,11.292046527284114,15022.0,14521.571834087372,1.0344610192085366,0.034461019208536614
XGBOOST,apr_drg_code,043,258,4.310836896415829,2.6850759983062744,7.563531334735082,7.375968992248062,6.328213487484659,1903.0,1632.6790797710419,1.1655689250742813,0.16556892507428134
XGBOOST,apr_drg_code,044,576,4.764200315293339,3.2399027347564697,7.260039181917146,7.338541666666667,7.321403097361326,4227.0,4217.128184080124,1.0023408859036211,0.002340885903621137
XGBOOST,apr_drg_code,045,3104,3.2815369694810554,2.2386865615844727,5.352184238862888,5.882087628865979,5.628241186135823,18258.0,17470.060641765594,1.0451022680683022,0.0451022680683022
XGBOOST,apr_drg_code,046,188,2.2836388793397457,2.054747700691223,3.0203328540999554,3.398936170212766,4.3508864273416235,639.0,817.9666483402252,0.7812054455968652,0.21879455440313478
XGBOOST,apr_drg_code,047,738,1.9090056672974978,1.526609182357788,2.6952932400397684,3.024390243902439,3.758824428084097,2232.0,2774.0124279260635,0.8046106706409789,0.1953893293590211
XGBOOST,apr_drg_code,048,604,2.769771144879575,1.9722826480865479,4.546633750650139,4.498344370860927,4.713573657913713,2717.0,2846.998489379883,0.9543384059159798,0.04566159408402015
XGBOOST,apr_drg_code,049,138,6.1888038075488545,3.9122116565704346,9.546417541525107,11.065217391304348,9.687607865402663,1527.0,1336.8898854255676,1.1422032709252754,0.1422032709252754
XGBOOST,apr_drg_code,050,148,6.44649444077466,4.272122621536255,10.87150621244583,11.027027027027026,9.354993955509082,1632.0,1384.5391054153442,1.1787316036194013,0.17873160361940132
XGBOOST,apr_drg_code,051,37,2.0378206162839323,1.4943335056304932,2.8217821514564965,3.5135135135135136,4.075008720964999,130.0,150.77532267570496,0.8622100599287753,0.1377899400712247
XGBOOST,apr_drg_code,052,968,4.793622669355928,3.0925850868225098,9.464021407309154,7.268595041322314,6.79561079311962,7036.0,6578.151247739792,1.0696014328368508,0.06960143283685083
XGBOOST,apr_drg_code,053,2686,2.5426185522963554,1.645730972290039,5.365812261924088,3.9448994787788534,4.28367519454111,10596.0,11505.951572537422,0.9209147051592579,0.07908529484074212
XGBOOST,apr_drg_code,054,417,2.2536501815850785,1.7011938095092773,3.3853804307865647,2.9808153477218227,3.8095137907160845,1243.0,1588.5672507286072,0.7824660866135127,0.2175339133864873
XGBOOST,apr_drg_code,055,836,3.21221712759237,2.0255086421966553,5.5302122042429565,5.08133971291866,5.21165191984633,4248.0,4356.941004991531,0.9749959880414439,0.02500401195855606
XGBOOST,apr_drg_code,057,156,2.359890742179675,1.6277759075164795,3.265385870012132,2.891025641025641,4.131441978307871,451.0,644.5049486160278,0.699761888513736,0.300238111486264
XGBOOST,apr_drg_code,058,1986,4.969653671481698,3.025888204574585,8.317585136665464,9.380161127895267,8.883336937319475,18629.0,17642.30715751648,1.0559276535474638,0.05592765354746376
XGBOOST,apr_drg_code,059,47,11.56949325318032,7.9587249755859375,21.036658527443052,12.74468085106383,12.096947609110082,599.0,568.5565376281738,1.0535451803945937,0.05354518039459366
XGBOOST,apr_drg_code,073,90,5.334064274364048,2.8824291229248047,12.3885042377683,6.777777777777778,5.666561187638177,610.0,509.9905068874359,1.1961006955265503,0.1961006955265503
XGBOOST,apr_drg_code,082,390,2.2698051599355846,1.721328616142273,3.1803358815787486,3.694871794871795,3.9961013757265533,1441.0,1558.4795365333557,0.924619134368184,0.07538086563181601
XGBOOST,apr_drg_code,089,128,3.5006307251751423,1.88809072971344,5.610967801629469,5.984375,5.5667161121964455,766.0,712.539662361145,1.0750278762893049,0.07502787628930485
XGBOOST,apr_drg_code,091,106,6.463573649244489,3.360236167907715,13.493402323716232,10.566037735849056,8.897060254834733,1120.0,943.0883870124817,1.1875875214071285,0.18758752140712853
XGBOOST,apr_drg_code,092,179,2.0609447802911256,1.3959336280822754,3.342515071647498,3.4078212290502794,3.687859615800101,610.0,660.1268712282181,0.9240647920679959,0.07593520793200415
XGBOOST,apr_drg_code,095,19,1.6068163169057745,1.6603538990020752,1.9605475453998407,1.263157894736842,2.8655432274467065,24.0,54.44532132148743,0.4408092268991375,0.5591907731008625
XGBOOST,apr_drg_code,097,199,1.5630718098213925,1.1478056907653809,2.441694289890236,1.6683417085427135,2.658804341776287,332.0,529.1020640134811,0.627478179694912,0.37252182030508796
XGBOOST,apr_drg_code,098,233,3.103647726288169,1.9245004653930664,4.966651557784675,4.798283261802575,5.116631316524718,1118.0,1192.1750967502594,0.9377817092871235,0.062218290712876545
XGBOOST,apr_drg_code,110,102,6.21759217860652,4.1754231452941895,10.141074301096708,9.5,8.210850154652315,969.0,837.5067157745361,1.1570056475354438,0.15700564753544377
XGBOOST,apr_drg_code,111,561,1.630480371907008,1.4411404132843018,2.090790570756459,2.700534759358289,3.276411000845054,1515.0,1838.0665714740753,0.8242356525667156,0.1757643474332844
XGBOOST,apr_drg_code,113,892,1.8350798636006667,1.2463563680648804,2.8019512854342232,3.0437219730941703,3.7170649025205007,2715.0,3315.6218930482864,0.8188509086914937,0.18114909130850632
XGBOOST,apr_drg_code,114,87,1.724686773344018,1.0973377227783203,3.3649075021257153,3.0,3.110386623733345,261.0,270.603636264801,0.9645103207134906,0.03548967928650937
XGBOOST,apr_drg_code,115,521,2.244378412753744,1.5186502933502197,3.8632427913770293,3.6065259117082533,3.8850275991974317,1879.0,2024.0993791818619,0.9283141032133951,0.07168589678660486
XGBOOST,apr_drg_code,120,354,2.5742601530026583,1.3279972076416016,6.584682031941167,4.666666666666667,4.37351671282181,1652.0,1548.2249163389206,1.0670284288580472,0.06702842885804716
XGBOOST,apr_drg_code,121,852,3.4850333124539103,1.6638509035110474,6.5979659935567065,5.877934272300469,5.828354707206359,5008.0,4965.758210539818,1.008506614230738,0.008506614230737952
XGBOOST,apr_drg_code,130,404,12.167659561232766,7.5939249992370605,20.676250220843233,23.14108910891089,20.229343492205782,9349.0,8172.654770851135,1.1439367331830113,0.14393673318301126
XGBOOST,apr_drg_code,131,34,5.182727799696081,3.8491610288619995,7.21532842748571,8.382352941176471,9.1001957023845,285.0,309.406653881073,0.9211178765067728,0.07888212349322721
XGBOOST,apr_drg_code,132,50,8.91293001651764,5.258652448654175,20.20393515238991,11.04,9.808592610359192,552.0,490.4296305179596,1.1255437388989198,0.1255437388989198
XGBOOST,apr_drg_code,133,2470,3.1985367999868353,2.0808632373809814,5.7132499282399385,5.593117408906883,5.384869162659896,13815.0,13300.626831769943,1.0386728516434596,0.03867285164345957
XGBOOST,apr_drg_code,134,1216,2.605542622898754,1.7503232955932617,4.045912236307241,4.666940789473684,4.975305229229362,5675.0,6049.971158742905,0.9380210006123701,0.06197899938762985
XGBOOST,apr_drg_code,135,642,2.5149002697237557,1.5168992280960083,5.149541379121662,4.637071651090342,4.0635924987332475,2977.0,2608.8263841867447,1.1411261470080643,0.14112614700806425
XGBOOST,apr_drg_code,136,630,5.481940721330188,3.5670523643493652,8.8114332720672,8.56031746031746,7.880473849130055,5393.0,4964.698524951935,1.0862693822989407,0.08626938229894066
XGBOOST,apr_drg_code,137,4192,3.8641444938897176,2.7159318923950195,7.027745309596928,6.39050572519084,6.423252644031558,26789.0,26926.27508378029,0.9949018167810749,0.005098183218925079
XGBOOST,apr_drg_code,138,808,1.828328458241897,1.3361139297485352,2.7473687097490638,3.1596534653465347,3.7864583991836795,2553.0,3059.458386540413,0.8344614233785648,0.16553857662143523
XGBOOST,apr_drg_code,139,3418,2.7318227313777173,1.8864423036575317,4.517842256190503,4.852837916910474,5.17574469498405,16587.0,17690.695367455482,0.9376115328125606,0.0623884671874394
XGBOOST,apr_drg_code,140,2424,2.721132128791447,2.0369043350219727,5.023509168770284,4.6138613861386135,4.973215487481344,11184.0,12055.074341654778,0.927742101212525,0.07225789878747502
XGBOOST,apr_drg_code,141,1964,1.650079171793524,1.0969429016113281,2.523148784338892,2.70010183299389,3.177034474074719,5303.0,6239.695707082748,0.8498811879528845,0.15011881204711552
XGBOOST,apr_drg_code,142,265,3.659123035196988,2.3281984329223633,6.48295845142022,6.660377358490566,6.1236590830784925,1765.0,1622.7696570158005,1.0876466616006086,0.08764666160060863
XGBOOST,apr_drg_code,143,683,3.3683573670827105,2.3606367111206055,6.878661489247626,5.370424597364568,5.168953639521955,3668.0,3530.395335793495,1.038977126105787,0.03897712610578696
XGBOOST,apr_drg_code,144,241,2.247388941618417,1.5297369956970215,3.2183193658183313,3.871369294605809,4.034560436035093,933.0,972.3290650844574,0.9595516924293102,0.040448307570689845
XGBOOST,apr_drg_code,145,293,2.086398277673298,1.7471599578857422,2.679583955591407,3.273037542662116,4.0231237086012905,959.0,1178.7752466201782,0.813556276100703,0.18644372389929698
XGBOOST,apr_drg_code,160,45,4.74233840836419,2.4252681732177734,7.042167304473766,9.777777777777779,12.067528125974867,440.0,543.038765668869,0.810255230044296,0.189744769955704
XGBOOST,apr_drg_code,161,21,18.734570548647927,9.149459838867188,28.04704031163963,40.0,30.112558001563663,840.0,632.3637180328369,1.3283494546668173,0.3283494546668173
XGBOOST,apr_drg_code,162,108,8.531733093438325,5.5253400802612305,12.707405559131141,17.805555555555557,17.133389283109594,1923.0,1850.4060425758362,1.0392313663887036,0.039231366388703615
XGBOOST,apr_drg_code,163,551,3.1252438918215826,1.8928823471069336,4.988616900717053,8.442831215970962,7.542909147518732,4652.0,4156.142940282822,1.1193070274150474,0.1193070274150474
XGBOOST,apr_drg_code,165,271,3.866446468662952,2.5341596603393555,5.855709113943737,11.811808118081181,10.584804923771932,3201.0,2868.4821343421936,1.115921191098532,0.11592119109853205
XGBOOST,apr_drg_code,166,683,2.970420588860575,1.9539904594421387,4.742695948231751,8.383601756954612,7.6450339969394845,5726.0,5221.558219909668,1.0966075180713122,0.09660751807131218
XGBOOST,apr_drg_code,167,236,4.536607567536628,2.7026398181915283,8.425383416914372,8.055084745762711,7.50411289728294,1901.0,1770.9706437587738,1.0734226491554073,0.0734226491554073
XGBOOST,apr_drg_code,169,528,3.5860765359618445,2.1314104795455933,5.820848258757427,5.674242424242424,6.034804896874861,2996.0,3186.3769855499268,0.9402528368698124,0.059747163130187575
XGBOOST,apr_drg_code,171,701,2.639803960047843,1.6860694885253906,4.315658701850173,4.5834522111269616,5.303368602261564,3213.0,3717.661390185356,0.8642529974575779,0.1357470025424221
XGBOOST,apr_drg_code,174,1532,2.187044334785123,1.14583158493042,4.158690938654296,3.710835509138381,4.231918990456404,5685.0,6483.299893379211,0.8768682759539721,0.1231317240460279
XGBOOST,apr_drg_code,175,2467,2.1489994817288434,1.178309440612793,3.7863046532470075,3.2383461694365625,3.6195018106401813,7989.0,8929.310966849327,0.8946938940372561,0.10530610596274392
XGBOOST,apr_drg_code,176,75,3.9259476137161253,2.994080066680908,5.187637155821401,5.1066666666666665,7.094673469861348,383.0,532.1005102396011,0.7197888230318324,0.28021117696816755
XGBOOST,apr_drg_code,177,36,8.642133269045088,4.70058536529541,13.518973645983783,7.694444444444445,11.55161655611462,277.0,415.85819602012634,0.6660924388432493,0.3339075611567507
XGBOOST,apr_drg_code,178,47,6.721771311252676,5.886594772338867,7.942787137352744,6.914893617021277,10.129545079900863,325.0,476.0886187553406,0.682646018402334,0.31735398159766603
XGBOOST,apr_drg_code,179,336,5.1782896390983035,3.090949296951294,9.473575923015378,8.869047619047619,8.242436900025321,2980.0,2769.4587984085083,1.0760225072539376,0.07602250725393755
XGBOOST,apr_drg_code,180,199,6.600315719393629,3.8542327880859375,12.178159229446246,10.909547738693467,10.07120923900125,2171.0,2004.1706385612488,1.0832410964559955,0.08324109645599553
XGBOOST,apr_drg_code,181,526,4.625791423674319,2.735293388366699,7.741184605606244,8.23574144486692,7.597214551932911,4332.0,3996.1348543167114,1.0840475003791425,0.08404750037914255
XGBOOST,apr_drg_code,182,957,4.520811851993749,2.6939752101898193,7.864525840669457,7.567398119122257,7.259415825083463,7242.0,6947.260944604874,1.0424252173259758,0.04242521732597582
XGBOOST,apr_drg_code,183,904,2.1880634078937296,1.5008347034454346,4.375864142464726,3.357300884955752,3.9514163104833755,3035.0,3572.0803446769714,0.8496449427635872,0.15035505723641285
XGBOOST,apr_drg_code,190,1445,2.4622764943792745,1.5743110179901123,3.9250749086614296,3.858131487889273,4.364576062859136,5575.0,6306.812410831451,0.883964772826504,0.11603522717349601
XGBOOST,apr_drg_code,191,627,1.5745434145037638,1.192868947982788,2.2041660664539973,2.6140350877192984,3.185794483911858,1639.0,1997.493141412735,0.8205284744261053,0.17947152557389467
XGBOOST,apr_drg_code,192,1601,3.437253033571285,2.1231735944747925,5.490270604248031,6.658338538413491,6.232833530588644,10660.0,9978.76648247242,1.068268309387153,0.068268309387153
XGBOOST,apr_drg_code,193,74,6.5381379643002075,3.782733201980591,14.84133427449216,9.35135135135135,8.421182587340072,692.0,623.1675114631653,1.110455836144634,0.11045583614463395
XGBOOST,apr_drg_code,194,7026,3.3986572268475435,2.338991641998291,5.681259305284728,6.269000853970965,6.130887331054518,44046.0,43075.614387989044,1.0225274932417803,0.022527493241780272
XGBOOST,apr_drg_code,196,130,4.531862473029356,3.657087802886963,5.966778808221726,4.384615384615385,5.915595574103869,570.0,769.027424633503,0.7411959336452092,0.2588040663547908
XGBOOST,apr_drg_code,197,1189,3.5212053044489995,2.4432263374328613,6.745051273164079,5.349032800672834,5.139646983026355,6360.0,6111.0402628183365,1.0407393383899661,0.04073933838996613
XGBOOST,apr_drg_code,198,940,1.6632816091496894,1.2121665477752686,2.9435619003738056,2.551063829787234,3.1277841283919963,2398.0,2940.1170806884766,0.8156137780195029,0.18438622198049714
XGBOOST,apr_drg_code,199,1218,2.456718269240093,1.7008426189422607,4.569180075247359,3.854679802955665,4.292461938654457,4695.0,5228.218641281128,0.8980114111772366,0.1019885888227634
XGBOOST,apr_drg_code,200,164,3.403778356022951,2.2153191566467285,6.951484625030388,5.225609756097561,5.452085069766858,857.0,894.1419514417648,0.958460788712715,0.041539211287284994
XGBOOST,apr_drg_code,201,2931,2.15990866174148,1.5130877494812012,3.813975486113174,3.5527123848515867,3.8979956471281465,10413.0,11425.025241732597,0.9114203058356548,0.08857969416434519
XGBOOST,apr_drg_code,203,719,1.4720150131177836,1.1077497005462646,4.462057020080543,2.2614742698191934,2.802528626066587,1626.0,2015.0180821418762,0.8069406495209378,0.1930593504790622
XGBOOST,apr_drg_code,204,1660,1.9959861618208599,1.3351154327392578,3.112309526072377,3.4415662650602408,3.648523866914841,5713.0,6056.549619078636,0.9432763469820463,0.05672365301795368
XGBOOST,apr_drg_code,205,52,2.495574313860673,2.2364628314971924,3.2461114472040093,3.5961538461538463,4.815262679870312,187.0,250.39365935325623,0.7468240229525132,0.25317597704748684
XGBOOST,apr_drg_code,206,317,4.298201228917962,2.6892786026000977,9.18310762762588,6.580441640378549,6.150961684503766,2086.0,1949.8548539876938,1.0698232208073706,0.06982322080737058
XGBOOST,apr_drg_code,207,862,2.4888740432234764,1.7827329635620117,3.633306147153133,4.341067285382831,4.641966440838064,3742.0,4001.375072002411,0.9351785155515022,0.06482148444849778
XGBOOST,apr_drg_code,220,502,3.750562668321617,1.8105521202087402,6.938580294181701,7.181274900398407,6.43120791190174,3605.0,3228.4663717746735,1.1166292551526091,0.11662925515260913
XGBOOST,apr_drg_code,222,103,3.6427008411259325,1.681257963180542,6.3496473646394955,5.660194174757281,5.558417762367471,583.0,572.5170295238495,1.0183103208036781,0.018310320803678115
XGBOOST,apr_drg_code,223,180,3.0071984820895725,1.6143229007720947,5.422306755936881,5.966666666666667,5.199488639831543,1074.0,935.9079551696777,1.1475487456512607,0.14754874565126075
XGBOOST,apr_drg_code,224,241,3.384528157127349,2.27609920501709,4.9223245966158435,6.381742738589212,5.851638963113682,1538.0,1410.2449901103973,1.0905906496995261,0.09059064969952613
XGBOOST,apr_drg_code,226,95,2.1737761848851256,1.5388293266296387,3.257826089946783,3.6736842105263157,3.687656141582288,349.0,350.3273334503174,0.9962111621801111,0.003788837819888924
XGBOOST,apr_drg_code,227,476,2.2847832346162877,1.5908257961273193,3.491422650680232,4.170168067226891,4.093941669003303,1985.0,1948.716234445572,1.0186193171243074,0.018619317124307422
XGBOOST,apr_drg_code,228,286,2.3418933019771444,1.6231271028518677,4.8636441209844286,3.388111888111888,4.253538907824696,969.0,1216.5121276378632,0.7965395313251298,0.20346046867487022
XGBOOST,apr_drg_code,229,233,4.693395774251913,2.8466386795043945,7.36661938267908,7.334763948497854,7.875214470302598,1709.0,1834.9249715805054,0.9313732313141717,0.06862676868582829
XGBOOST,apr_drg_code,230,1024,4.878187626134604,2.6841630935668945,9.133520689583767,9.2509765625,8.719635469838977,9473.0,8928.906721115112,1.0609361589138582,0.060936158913858174
XGBOOST,apr_drg_code,231,1358,3.2070588300084153,1.7244486808776855,6.805508285981709,6.609720176730486,6.064242366136262,8976.0,8235.241133213043,1.0899498696886298,0.08994986968862984
XGBOOST,apr_drg_code,233,362,2.068957910682615,1.4893929958343506,3.0285566052416284,3.701657458563536,3.665943204697983,1340.0,1327.0714401006699,1.009742173261109,0.009742173261108933
XGBOOST,apr_drg_code,234,725,1.1439900123661961,0.9407471418380737,1.6306314589079747,1.4951724137931035,2.329944230605816,1084.0,1689.2095671892166,0.6417202584305373,0.35827974156946274
XGBOOST,apr_drg_code,240,839,4.971032406775119,3.19801664352417,9.282732014284537,7.926102502979738,7.307683899661213,6650.0,6131.146791815758,1.084625800980143,0.08462580098014305
XGBOOST,apr_drg_code,241,1398,2.472939764822331,1.7360109090805054,3.916854868475417,4.540772532188841,4.864705234808642,6348.0,6800.857918262482,0.9334116483971217,0.06658835160287835
XGBOOST,apr_drg_code,242,225,2.794917270872328,2.346681594848633,3.771676015769229,4.888888888888889,5.861370687484741,1100.0,1318.8084046840668,0.8340862828088479,0.1659137171911521
XGBOOST,apr_drg_code,243,514,2.4989895514477087,1.7792713642120361,3.725201099560562,4.317120622568093,4.609469582598497,2219.0,2369.2673654556274,0.9365764423017198,0.06342355769828023
XGBOOST,apr_drg_code,244,1572,2.0003907788194164,1.3936138153076172,3.3347690663964014,4.230916030534351,4.111302283125676,6651.0,6462.967189073563,1.0290938829527605,0.029093882952760497
XGBOOST,apr_drg_code,245,540,2.714794488306399,1.6851953268051147,6.211386985235742,5.103703703703704,4.454354521963332,2756.0,2405.351441860199,1.145778513708011,0.14577851370801098
XGBOOST,apr_drg_code,246,149,2.4805948318251025,1.8683528900146484,3.46056692451372,4.570469798657718,4.932600000560684,681.0,734.9574000835419,0.9265843162101524,0.07341568378984764
XGBOOST,apr_drg_code,247,1454,2.252834667037901,1.4868755340576172,3.8286793320167165,4.089408528198074,4.092653807124541,5946.0,5950.718635559082,0.9992070477789211,0.0007929522210788909
XGBOOST,apr_drg_code,248,853,2.9438294010173536,1.888108491897583,5.383299125263524,5.4630715123094955,4.9195599725070345,4660.0,4196.3846565485,1.1104797060793803,0.11047970607938029
XGBOOST,apr_drg_code,249,2128,1.9111613557302862,1.4132089614868164,2.895305338197139,3.2546992481203008,3.712850827695732,6926.0,7900.946561336517,0.876603827937852,0.12339617206214804
XGBOOST,apr_drg_code,251,322,2.232003962771493,1.7260085344314575,3.1697582679441827,2.940993788819876,3.7822466651845423,947.0,1217.8834261894226,0.7775785265121993,0.22242147348780072
XGBOOST,apr_drg_code,252,465,3.883731597982427,2.363974094390869,7.212365864697288,6.505376344086022,5.836782367255098,3025.0,2714.1038007736206,1.1145483820986368,0.11454838209863683
XGBOOST,apr_drg_code,253,1138,2.9466491275596285,2.1923530101776123,4.752521410597409,5.320738137082601,5.537469439640615,6055.0,6301.64022231102,0.9608609483229799,0.03913905167702014
XGBOOST,apr_drg_code,254,2108,2.7500273509541318,1.7177332639694214,5.619588905481381,4.451138519924099,4.370600661018994,9383.0,9213.22619342804,1.0184271831612104,0.018427183161210392
XGBOOST,apr_drg_code,260,339,4.5020522195681005,2.6269984245300293,8.311870628481927,8.749262536873156,7.93837927963178,2966.0,2691.1105757951736,1.102147205201184,0.10214720520118403
XGBOOST,apr_drg_code,261,43,3.3559436243633893,1.6502394676208496,5.017653768032991,7.906976744186046,6.976161136183628,340.0,299.974928855896,1.133428054460283,0.13342805446028305
XGBOOST,apr_drg_code,263,1782,1.922175834609737,1.4234209060668945,3.063740762610314,3.574635241301908,4.053826274160049,6370.0,7223.918420553207,0.8817929036790237,0.11820709632097626
XGBOOST,apr_drg_code,264,134,4.4032762531024305,2.8105123043060303,6.8494839470982924,7.7835820895522385,7.9895242274697145,1043.0,1070.5962464809418,0.9742234791391705,0.025776520860829488
XGBOOST,apr_drg_code,279,243,4.776950823426737,3.206331253051758,7.722961320664724,7.522633744855967,7.137614382637872,1828.0,1734.4402949810028,1.053942303629438,0.05394230362943797
XGBOOST,apr_drg_code,280,886,4.356895000078877,2.7279677391052246,8.38351573888727,7.448081264108352,6.88943474179735,6599.0,6104.039181232452,1.0810874249119107,0.08108742491191068
XGBOOST,apr_drg_code,281,603,4.889504427735881,3.197816848754883,8.266510850032308,7.908789386401327,7.301790775351264,4769.0,4402.979837536812,1.083130101878448,0.08313010187844805
XGBOOST,apr_drg_code,282,1508,2.314777600986572,1.5083413124084473,4.197575165427888,4.246021220159151,4.101793612029888,6403.0,6185.504766941071,1.0351620831692427,0.03516208316924274
XGBOOST,apr_drg_code,283,681,3.246354746573472,2.4059886932373047,4.970242222365691,5.790014684287812,5.98559390150678,3943.0,4076.189446926117,0.9673250106109381,0.03267498938906188
XGBOOST,apr_drg_code,284,1133,2.5315268327994147,1.670198917388916,4.1459761144735525,4.598411297440424,4.608412889074879,5210.0,5221.331803321838,0.9978297101680784,0.002170289831921579
XGBOOST,apr_drg_code,303,175,2.427857448032924,1.3160276412963867,4.124975207303461,5.937142857142857,4.353618327549525,1039.0,761.883207321167,1.3637260803439866,0.36372608034398657
XGBOOST,apr_drg_code,304,1509,2.4431015222257457,1.4772818088531494,4.744561063392568,5.186878727634195,4.674385841987716,7827.0,7053.6482355594635,1.1096385499551633,0.10963854995516331
XGBOOST,apr_drg_code,305,513,6.398883655057316,4.2816572189331055,10.763238443948396,13.500974658869396,12.92609490753382,6926.0,6631.08668756485,1.0444743563657817,0.044474356365781675
XGBOOST,apr_drg_code,308,1480,2.8666799590394305,1.7720600366592407,4.504937403205207,6.210135135135135,6.329148280298388,9191.0,9367.139454841614,0.9811960251375811,0.018803974862418915
XGBOOST,apr_drg_code,309,244,4.203368351107738,2.346437931060791,8.000808305904995,6.905737704918033,6.213263820429317,1685.0,1516.0363721847534,1.1114509063999263,0.11145090639992628
XGBOOST,apr_drg_code,310,449,2.8243697571064157,1.7194271087646484,5.661903564786464,4.416481069042316,4.245111734670626,1983.0,1906.0551688671112,1.040368627513873,0.040368627513873045
XGBOOST,apr_drg_code,312,65,6.596948950107281,3.734002113342285,9.955660013555839,11.36923076923077,9.244766825896043,739.0,600.9098436832428,1.229801787686388,0.22980178768638804
XGBOOST,apr_drg_code,313,940,3.2894204795360564,2.1114689111709595,5.213546483421995,5.923404255319149,5.2278203534319045,5568.0,4914.15113222599,1.133054285507461,0.133054285507461
XGBOOST,apr_drg_code,314,463,5.018958262181951,3.0237765312194824,8.987678232647943,9.557235421166308,8.951932224805102,4425.0,4144.744620084763,1.0676170441375725,0.06761704413757252
XGBOOST,apr_drg_code,315,431,3.010066644498201,2.025618553161621,4.798737499738459,4.5011600928074245,5.026896343706932,1940.0,2166.5923241376877,0.895415338818819,0.10458466118118104
XGBOOST,apr_drg_code,316,111,2.113798766522794,1.8086705207824707,2.8211646409025226,3.279279279279279,4.221514390395568,364.0,468.5880973339081,0.7768016346787819,0.22319836532121806
XGBOOST,apr_drg_code,317,287,3.922348468976569,2.2916769981384277,8.018385698469071,7.209059233449477,6.539013673619526,2069.0,1876.696924328804,1.1024689033046573,0.1024689033046573
XGBOOST,apr_drg_code,320,359,3.2835340483274966,1.8267168998718262,6.238947452673011,5.465181058495822,4.96660753910256,1962.0,1783.012106537819,1.1003851251519163,0.10038512515191633
XGBOOST,apr_drg_code,321,984,2.6721543164514916,1.6331377029418945,4.7785072763782885,4.409552845528455,4.4449098579040385,4339.0,4373.791300177574,0.9920455051945067,0.007954494805493262
XGBOOST,apr_drg_code,322,321,2.027797933308135,1.2899644374847412,3.143604570491396,2.4922118380062304,3.4874002268752577,800.0,1119.4554728269577,0.7146331581905284,0.2853668418094716
XGBOOST,apr_drg_code,323,973,3.18574920832682,1.8861546516418457,5.265285582391779,6.817060637204522,6.699845389496509,6633.0,6518.9495639801025,1.0174952168137752,0.017495216813775194
XGBOOST,apr_drg_code,324,1247,1.8960107261884087,1.2364563941955566,3.259817372538031,2.66158781074579,2.929840649235411,3319.0,3653.5112895965576,0.9084411506954735,0.09155884930452651
XGBOOST,apr_drg_code,325,312,2.642123724405582,1.6437840461730957,4.5188244434694465,4.596153846153846,4.938873112965853,1434.0,1540.928411245346,0.9306078008134533,0.06939219918654671
XGBOOST,apr_drg_code,326,2235,1.7177931589301534,1.2363433837890625,3.557161555691055,2.453691275167785,2.8437749818934157,5484.0,6355.837084531784,0.862828912551334,0.13717108744866602
XGBOOST,apr_drg_code,340,221,3.3352589240440955,2.6374871730804443,5.164015698621108,5.167420814479638,5.5818041676309855,1142.0,1233.5787210464478,0.9257617536003204,0.07423824639967957
XGBOOST,apr_drg_code,341,278,2.679188795226941,1.810492753982544,4.374994230003995,5.118705035971223,5.3898502133733075,1423.0,1498.3783593177795,0.9496933742742388,0.05030662572576117
XGBOOST,apr_drg_code,342,704,2.53457928516648,1.8915296792984009,3.6626496847660666,4.590909090909091,4.753917138007554,3232.0,3346.757665157318,0.9657107933591829,0.03428920664081714
XGBOOST,apr_drg_code,343,308,6.0329327885206645,3.8372135162353516,11.83848560220357,9.529220779220779,8.582239535721866,2935.0,2643.3297770023346,1.1103419730429678,0.11034197304296778
XGBOOST,apr_drg_code,344,681,4.928424276094255,3.2818470001220703,8.186308852185773,8.405286343612335,7.778515038861402,5724.0,5297.168741464615,1.0805772440651702,0.0805772440651702
XGBOOST,apr_drg_code,346,408,3.9672620816558015,2.329966187477112,7.599699998244359,6.987745098039215,6.283943632654116,2851.0,2563.849002122879,1.1119999647558645,0.11199996475586449
XGBOOST,apr_drg_code,347,1801,2.798913624205899,1.925410270690918,5.016874880088877,5.031093836757357,4.763365779963551,9061.0,8578.821769714355,1.0562056472589125,0.05620564725891253
XGBOOST,apr_drg_code,349,245,4.764482474813656,2.987427234649658,8.077586677605794,7.873469387755102,6.67498315305126,1929.0,1635.3708724975586,1.1795489527424488,0.17954895274244875
XGBOOST,apr_drg_code,351,1732,2.8592658382915737,2.0382460355758667,4.645303898827275,4.804849884526559,4.931047975191068,8322.0,8540.57509303093,0.9744074502419298,0.025592549758070238
XGBOOST,apr_drg_code,361,115,5.1952580265376875,2.5639352798461914,8.948064353556596,8.295652173913043,6.238471211557803,954.0,717.4241893291473,1.3297572261845132,0.3297572261845132
XGBOOST,apr_drg_code,362,292,1.758651128370468,1.6037064790725708,2.125583632288761,2.1404109589041096,3.342985183408816,625.0,976.1516735553741,0.6402693525316644,0.3597306474683356
XGBOOST,apr_drg_code,363,133,1.9472584831983524,1.4603147506713867,2.6120329443785586,2.6766917293233083,3.8842165954130934,356.0,516.6008071899414,0.6891201001726417,0.3108798998273583
XGBOOST,apr_drg_code,364,604,3.698992581951697,1.8885794878005981,8.611979565641368,5.812913907284768,5.375001045647046,3511.0,3246.500631570816,1.081472144455184,0.08147214445518403
XGBOOST,apr_drg_code,380,506,5.5505949838359365,3.044461250305176,12.399880857112885,8.221343873517787,7.2365923361344775,4160.0,3661.7157220840454,1.1360794544783392,0.13607945447833925
XGBOOST,apr_drg_code,381,109,3.367226147870405,1.7532434463500977,6.567287597514756,5.825688073394495,4.850626632707928,635.0,528.7183029651642,1.2010176240141217,0.2010176240141217
XGBOOST,apr_drg_code,382,95,7.789441261793438,4.559108734130859,14.712348875272086,10.43157894736842,8.667882685912282,991.0,823.4488551616669,1.2034748652427696,0.2034748652427696
XGBOOST,apr_drg_code,383,3022,2.211520220332395,1.5186293125152588,3.7747600804089694,4.296823295830576,4.0583488022074015,12985.0,12264.330080270767,1.0587614582298752,0.05876145822987522
XGBOOST,apr_drg_code,384,361,2.5817447890865504,1.7961549758911133,4.757108612573638,4.121883656509695,4.363992295436912,1488.0,1575.4012186527252,0.9445212955164081,0.055478704483591934
XGBOOST,apr_drg_code,385,350,2.471971482549395,1.5386683940887451,4.966548774782904,4.122857142857143,4.0062808506829395,1443.0,1402.198297739029,1.0290983823948165,0.029098382394816547
XGBOOST,apr_drg_code,401,72,1.933035863770379,1.2115143537521362,3.1328740845574155,3.138888888888889,3.377367148796717,226.0,243.17043471336365,0.9293892995930889,0.07061070040691109
XGBOOST,apr_drg_code,403,2411,0.9248928779489715,0.6061140298843384,2.0708037509997532,1.501036914143509,1.8553564376427591,3619.0,4473.2643711566925,0.8090288656612984,0.1909711343387016
XGBOOST,apr_drg_code,404,208,1.9454584064391942,1.3626575469970703,2.8937889585172627,2.625,3.420385772219071,546.0,711.4402406215668,0.7674572913151132,0.2325427086848868
XGBOOST,apr_drg_code,405,72,7.144155058595869,3.5259594917297363,16.14997058711543,12.194444444444445,10.953656554222107,878.0,788.6632719039917,1.1132761360628998,0.11327613606289977
XGBOOST,apr_drg_code,420,2488,2.6790970121645086,1.8267009258270264,5.4207961055558656,4.333601286173633,4.6371004045297095,10782.0,11537.105806469917,0.9345498065861145,0.06545019341388547
XGBOOST,apr_drg_code,421,525,8.191589827991667,4.482032775878906,16.29988904168901,10.312380952380952,9.469782178742545,5414.0,4971.635643839836,1.08897762986881,0.08897762986881008
XGBOOST,apr_drg_code,422,793,2.505980250213065,1.7453241348266602,4.366326476277574,3.8158890290037832,4.21442890678348,3026.0,3342.0421230793,0.9054344285798217,0.0945655714201783
XGBOOST,apr_drg_code,423,84,3.365550384635017,2.3747371435165405,5.007908031024132,4.892857142857143,4.573967436949412,411.0,384.2132647037506,1.0697184031813776,0.06971840318137756
XGBOOST,apr_drg_code,424,229,3.061441628693493,1.7617831230163574,5.915468263479409,5.554585152838428,4.744604648981553,1272.0,1086.5144646167755,1.170716121527795,0.17071612152779503
XGBOOST,apr_drg_code,425,1046,3.1821467507181844,2.2681483030319214,5.749730870848439,4.6500956022944555,5.080758629747832,4864.0,5314.473526716232,0.9152364717875308,0.08476352821246924
XGBOOST,apr_drg_code,426,1221,2.611081047393961,1.7114083766937256,4.629493662108766,5.014742014742015,4.733140160273959,6123.0,5779.164135694504,1.0594957776301634,0.05949577763016345
XGBOOST,apr_drg_code,427,160,4.033662454038859,2.034788131713867,11.08289350740245,5.89375,4.921097109466791,943.0,787.3755375146866,1.197649603106206,0.19764960310620605
XGBOOST,apr_drg_code,440,208,3.059591442346573,2.3216848373413086,4.4431641315491115,6.168269230769231,7.558121992991521,1283.0,1572.0893745422363,0.8161113615907404,0.18388863840925962
XGBOOST,apr_drg_code,441,116,5.272474173841806,2.5924696922302246,11.914917877221285,10.094827586206897,8.528479267810953,1171.0,989.3035950660706,1.1836609164669971,0.18366091646699712
XGBOOST,apr_drg_code,442,322,2.076462835999009,1.5982766151428223,3.04223616706739,2.940993788819876,3.857893136717518,947.0,1242.2415900230408,0.7623315847784772,0.23766841522152282
XGBOOST,apr_drg_code,443,430,2.8097072046856546,1.4253705739974976,7.740316180576698,4.288372093023256,4.3276515012563666,1844.0,1860.8901455402374,0.9909236203003622,0.009076379699637815
XGBOOST,apr_drg_code,444,109,5.964751042357278,3.741994857788086,9.174156933826326,11.064220183486238,10.6294389339762,1206.0,1158.6088438034058,1.0409034994425053,0.040903499442505264
XGBOOST,apr_drg_code,445,69,3.8314701785211978,1.8214139938354492,7.193550736009053,6.72463768115942,5.642191458439481,464.0,389.3112106323242,1.1918485451430112,0.1918485451430112
XGBOOST,apr_drg_code,446,386,3.068117481748057,1.6368072032928467,5.432587416009135,5.007772020725389,4.964045629909002,1933.0,1916.1216131448746,1.0088086198388126,0.008808619838812648
XGBOOST,apr_drg_code,447,62,10.40229485111852,6.175858974456787,18.391638483931683,15.0,13.041590229157478,930.0,808.5785942077637,1.1501664855612503,0.15016648556125034
XGBOOST,apr_drg_code,461,118,6.17468988491317,3.216085433959961,11.606248183940306,8.88135593220339,7.0080906960923794,1048.0,826.9547021389008,1.2673003700074144,0.26730037000741436
XGBOOST,apr_drg_code,462,80,3.5122670620679854,2.2876726388931274,5.925222837181829,6.6875,5.302189263701439,535.0,424.1751410961151,1.2612714611646059,0.26127146116460587
XGBOOST,apr_drg_code,463,3634,2.6443069418118297,1.7211499214172363,5.314129917896402,4.91937259218492,4.809695944001403,17877.0,17478.4350605011,1.0228032394272875,0.02280323942728746
XGBOOST,apr_drg_code,465,604,1.7585754587950295,1.4593130350112915,2.413279486137302,2.480132450331126,3.3231350740060113,1498.0,2007.1735846996307,0.7463230940358218,0.25367690596417825
XGBOOST,apr_drg_code,466,1673,3.706449790408493,2.6847715377807617,5.9275253423500605,6.586969515839809,6.982455007201957,11020.0,11681.647227048874,0.9433601088794371,0.05663989112056289
XGBOOST,apr_drg_code,468,376,2.683305673142697,1.8813199996948242,4.120988802953931,4.111702127659575,4.628389347106852,1546.0,1740.2743945121765,0.8883656536435828,0.11163434635641722
XGBOOST,apr_drg_code,469,2960,3.4172129701118212,2.3448764085769653,5.825170864757593,6.176351351351351,5.888143767456751,18282.0,17428.90555167198,1.048947103752374,0.0489471037523741
XGBOOST,apr_drg_code,470,481,3.9643805844868045,2.81162428855896,7.946553968591994,5.731808731808732,5.836824887011998,2757.0,2807.512770652771,0.9820079996854204,0.017992000314579593
XGBOOST,apr_drg_code,480,172,1.6561361634454062,1.4668591022491455,1.9719322800502697,1.744186046511628,2.9996817943661713,300.0,515.9452686309814,0.5814570231374065,0.41854297686259345
XGBOOST,apr_drg_code,482,178,2.688656508252862,1.8461921215057373,5.363222950753009,3.207865168539326,4.074987383370988,571.0,725.347754240036,0.7872086136094131,0.21279138639058692
XGBOOST,apr_drg_code,483,99,2.5731248542515917,1.5591471195220947,4.806888215139935,3.1818181818181817,3.7555439568529225,315.0,371.79885172843933,0.8472323099859248,0.1527676900140752
XGBOOST,apr_drg_code,484,144,2.4219373448027506,2.1932098865509033,2.888152412246111,2.7569444444444446,4.292625352740288,397.0,618.1380507946014,0.6422513538677422,0.35774864613225776
XGBOOST,apr_drg_code,500,86,7.609131976615551,4.56916880607605,10.992827595315248,10.081395348837209,8.49494183063507,867.0,730.5649974346161,1.1867527229534351,0.18675272295343515
XGBOOST,apr_drg_code,501,271,2.468110593922464,1.5345900058746338,3.8174603979022423,4.291512915129151,4.192896238552248,1163.0,1136.2748806476593,1.0235199420558412,0.02351994205584118
XGBOOST,apr_drg_code,510,34,4.126258667777567,1.6253576278686523,10.079520838531531,5.9411764705882355,4.24615148937001,202.0,144.36915063858032,1.3991908874333903,0.39919088743339026
XGBOOST,apr_drg_code,511,108,2.782600265962106,1.953050136566162,3.9793853056585347,5.555555555555555,6.55995257254,600.0,708.4748778343201,0.8468895916734434,0.15311040832655665
XGBOOST,apr_drg_code,512,120,2.425666023294131,1.8115860223770142,3.6967374191902316,3.841666666666667,4.73334940969944,461.0,568.0019291639328,0.8116169617215321,0.18838303827846792
XGBOOST,apr_drg_code,513,418,1.8092603284206117,1.300389289855957,3.4359842945223673,2.3038277511961724,3.063864547670173,963.0,1280.6953809261322,0.7519352488830002,0.24806475111699977
XGBOOST,apr_drg_code,514,31,3.388793776112218,2.3469018936157227,5.866736576336299,2.6774193548387095,5.090323755818028,83.0,157.8000364303589,0.5259821345898736,0.47401786541012636
XGBOOST,apr_drg_code,517,49,3.7695904653899523,2.4553558826446533,6.309490887685619,5.938775510204081,6.4402478179153135,291.0,315.57214307785034,0.9221346255781884,0.07786537442181163
XGBOOST,apr_drg_code,518,78,2.8227874560233874,1.7487289905548096,4.675582502389398,3.8846153846153846,4.324170638353396,303.0,337.28530979156494,0.8983492349170128,0.1016507650829872
XGBOOST,apr_drg_code,519,546,1.4077657878180563,1.0724878311157227,4.684410113359582,2.4175824175824174,2.8030990325050915,1320.0,1530.4920717477798,0.8624677150353326,0.1375322849646674
XGBOOST,apr_drg_code,530,183,8.838242678042969,4.066089630126953,16.94915017499848,9.92896174863388,8.949130593753251,1817.0,1637.690898656845,1.1094889771264014,0.10948897712640138
XGBOOST,apr_drg_code,531,135,2.045982664602774,1.4613926410675049,3.6659261026869543,3.7185185185185183,3.1610067155626087,502.0,426.73590660095215,1.1763715971279365,0.17637159712793649
XGBOOST,apr_drg_code,532,215,1.678682453687801,1.3677449226379395,2.1017707629946836,2.525581395348837,3.356879198828409,543.0,721.7290277481079,0.752359928897738,0.24764007110226205
XGBOOST,apr_drg_code,539,862,1.0635044338255084,0.6898815631866455,2.3404837996170333,3.0533642691415315,2.885740436008524,2632.0,2487.508255839348,1.058086940544403,0.05808694054440311
XGBOOST,apr_drg_code,540,6956,1.2097301273047067,0.6400179862976074,2.8776397524655923,3.5684301322599197,3.3155842474851887,24822.0,23063.204025506973,1.0762598281031495,0.07625982810314946
XGBOOST,apr_drg_code,541,135,1.0626035840423018,0.7186300754547119,2.032710605985003,2.7333333333333334,3.1890664550993177,369.0,430.5239714384079,0.8570951316999785,0.14290486830002147
XGBOOST,apr_drg_code,542,568,1.035989397008654,0.801375150680542,1.627541257632283,2.859154929577465,3.3146228244606877,1624.0,1882.7057642936707,0.8625883187908927,0.1374116812091073
XGBOOST,apr_drg_code,547,135,1.9346943864115962,1.4412250518798828,3.5980407635048492,2.474074074074074,3.2042162038661814,334.0,432.5691875219345,0.7721308166062191,0.22786918339378093
XGBOOST,apr_drg_code,548,89,1.5256892281971621,1.3552024364471436,1.9445747550312693,2.6741573033707864,3.581039422013786,238.0,318.712508559227,0.746754500085057,0.25324549991494305
XGBOOST,apr_drg_code,560,14413,0.7445652500939454,0.561835527420044,1.2902514209953808,2.3471171858738638,2.484487714207016,33829.0,35808.92142486572,0.9447087109557323,0.05529128904426772
XGBOOST,apr_drg_code,561,630,1.471928580223568,1.1171549558639526,2.2788708229647012,2.376190476190476,3.039118126082042,1497.0,1914.6444194316864,0.7818684163006865,0.2181315836993135
XGBOOST,apr_drg_code,566,1384,2.118989982356915,1.4336885213851929,4.256539692827829,2.7471098265895955,3.1825940974185922,3802.0,4404.7102308273315,0.8631668828952398,0.1368331171047602
XGBOOST,apr_drg_code,581,184,1.8263220508461413,1.3657100200653076,2.481941830176506,1.315217391304348,2.9329133040231206,242.0,539.6560479402542,0.448433777261757,0.551566222738243
XGBOOST,apr_drg_code,588,16,50.004366397857666,53.24183654785156,51.79792692710935,103.0,68.91363668441772,1648.0,1102.6181869506836,1.4946243581901932,0.49462435819019324
XGBOOST,apr_drg_code,589,27,45.77169552555791,48.322021484375,48.98771832907746,43.25925925925926,48.31089351795338,1168.0,1304.3941249847412,0.8954348824697929,0.10456511753020714
XGBOOST,apr_drg_code,591,33,41.47026616876776,47.71074676513672,47.44711686950015,72.66666666666667,62.9417373194839,2398.0,2077.0773315429688,1.1545068465114066,0.15450684651140656
XGBOOST,apr_drg_code,593,43,28.17817634759947,22.44799041748047,34.898553316337086,76.13953488372093,70.17844319898029,3274.0,3017.6730575561523,1.0849419196695327,0.08494191966953268
XGBOOST,apr_drg_code,602,58,16.677955298588195,9.912166595458984,23.061017751298486,58.810344827586206,57.4731791923786,3411.0,3333.444393157959,1.023265906880351,0.023265906880350906
XGBOOST,apr_drg_code,607,79,16.13465212568452,10.999263763427734,21.75831177064197,42.835443037974684,41.22106684914118,3384.0,3256.4642810821533,1.0391638623702224,0.0391638623702224
XGBOOST,apr_drg_code,608,13,11.540676483741173,9.001264572143555,15.974189881678186,29.0,23.155428592975323,377.0,301.0205717086792,1.2524060992245138,0.25240609922451385
XGBOOST,apr_drg_code,609,18,28.67901346418593,32.42148208618164,33.140644846723426,48.05555555555556,61.01932303110758,865.0,1098.3478145599365,0.7875465208136918,0.2124534791863082
XGBOOST,apr_drg_code,611,50,11.957485618591308,7.675405979156494,16.13535877010552,26.42,23.82948154449463,1321.0,1191.4740772247314,1.1087106511599227,0.10871065115992273
XGBOOST,apr_drg_code,612,174,9.729252886498111,7.495195388793945,13.613835889055332,27.614942528735632,26.26257083607816,4805.0,4569.6873254776,1.051494261589945,0.05149426158994497
XGBOOST,apr_drg_code,614,188,5.848126761456753,4.542795658111572,7.797917693568124,12.414893617021276,10.982653861350201,2334.0,2064.738925933838,1.1304092593422586,0.13040925934225855
XGBOOST,apr_drg_code,621,69,7.994787223097207,4.2320098876953125,12.277606283941621,12.27536231884058,10.424230934917063,847.0,719.2719345092773,1.1775796598790762,0.1775796598790762
XGBOOST,apr_drg_code,622,185,6.396152295293034,4.83481502532959,8.75079240162182,13.691891891891892,12.080999003229914,2533.0,2234.984815597534,1.1333410331572162,0.13334103315721624
XGBOOST,apr_drg_code,625,121,4.454182104630903,3.1516952514648438,6.270922392160994,8.834710743801653,6.911943238628798,1069.0,836.3451318740845,1.2781804535701449,0.27818045357014487
XGBOOST,apr_drg_code,626,980,1.9168440298158296,1.5805457830429077,2.826950580498797,3.2887755102040814,3.848104607815645,3223.0,3771.1425156593323,0.8546481567898271,0.14535184321017292
XGBOOST,apr_drg_code,630,16,24.854977428913116,23.01926040649414,31.161673244957317,33.0625,48.429822623729706,529.0,774.8771619796753,0.6826888518026493,0.31731114819735073
XGBOOST,apr_drg_code,631,32,20.10729242861271,15.341800689697266,27.499607147916347,35.75,42.44278283417225,1144.0,1358.169050693512,0.8423104615849165,0.15768953841508349
XGBOOST,apr_drg_code,633,438,4.542056883306808,1.7080402374267578,10.484024847922601,6.1438356164383565,6.067960807177574,2691.0,2657.7668335437775,1.012504169303637,0.012504169303636958
XGBOOST,apr_drg_code,634,514,3.986936080780475,2.3934335708618164,7.065138439878612,6.400778210116732,5.977327144099581,3290.0,3072.3461520671844,1.0708428794022347,0.07084287940223466
XGBOOST,apr_drg_code,636,75,3.393930695851644,1.8943898677825928,4.95898589518153,6.573333333333333,4.1499064254760745,493.0,311.24298191070557,1.5839714584839695,0.5839714584839695
XGBOOST,apr_drg_code,639,666,1.9689122941400912,0.9807279109954834,3.5227942967705053,3.8843843843843846,3.383275895684331,2587.0,2253.2617465257645,1.1481133978282,0.1481133978282001
XGBOOST,apr_drg_code,640,19621,0.6604043043362706,0.4977290630340576,1.0401000353676615,2.0943376994037,2.178315683392038,41093.0,42740.73202383518,0.9614482030182288,0.03855179698177125
XGBOOST,apr_drg_code,650,24,5.7762540976206465,2.8410558700561523,7.974973356531878,8.208333333333334,9.056595583756765,197.0,217.35829401016235,0.9063376251508004,0.09366237484919959
XGBOOST,apr_drg_code,651,24,3.8310229629278183,2.3887752294540405,5.332102270740746,4.333333333333333,6.321367199222247,104.0,151.71281278133392,0.6855057136795483,0.31449428632045173
XGBOOST,apr_drg_code,660,619,3.963265212556657,2.572033405303955,7.401249559170905,6.434571890145396,6.030872603032816,3983.0,3733.1101412773132,1.0669387854270984,0.06693878542709841
XGBOOST,apr_drg_code,661,394,3.1616197158842523,1.7734918594360352,6.21391541050453,5.274111675126903,4.92433220420392,2078.0,1940.1868884563446,1.0710308436592428,0.07103084365924284
XGBOOST,apr_drg_code,662,908,3.7491990582533345,2.2831380367279053,6.716339905780775,5.894273127753304,5.151060025334884,5352.0,4677.162503004074,1.1442835258690471,0.14428352586904714
XGBOOST,apr_drg_code,663,1524,2.417949036976171,1.6557010412216187,4.091738129864212,4.062335958005249,4.469236546926924,6191.0,6811.116497516632,0.9089552354973329,0.09104476450266707
XGBOOST,apr_drg_code,680,194,3.785254038486284,2.1763947010040283,6.250963700473996,8.20103092783505,7.992069060040503,1591.0,1550.4613976478577,1.0261461539214338,0.026146153921433823
XGBOOST,apr_drg_code,681,175,6.234834495271955,3.3589987754821777,10.082889943463712,10.771428571428572,10.045403849737985,1885.0,1757.9456737041473,1.072274318937364,0.07227431893736402
XGBOOST,apr_drg_code,690,227,12.36445864916898,9.376460075378418,16.377357001400743,18.295154185022028,18.289429935589762,4153.0,4151.700595378876,1.0003129812931526,0.00031298129315260326
XGBOOST,apr_drg_code,691,460,6.624847997530647,4.057007789611816,10.293084479744278,10.517391304347827,10.009561425965765,4838.0,4604.398255944252,1.0507344784422523,0.05073447844225232
XGBOOST,apr_drg_code,692,11,11.401050307533957,5.287665843963623,18.586764293623034,16.454545454545453,12.434285337274725,181.0,136.77713871002197,1.3233205615138206,0.3233205615138206
XGBOOST,apr_drg_code,694,300,5.0606991076469425,3.5869505405426025,8.172337884755088,8.393333333333333,7.87674157222112,2518.0,2363.022471666336,1.0655844496579747,0.06558444965797472
XGBOOST,apr_drg_code,695,239,6.314415436908291,3.3029842376708984,10.411331325724698,10.242677824267782,9.440865033840035,2448.0,2256.3667430877686,1.0849300130394526,0.08493001303945258
XGBOOST,apr_drg_code,696,711,3.455091501925397,2.090165138244629,5.984359624242095,5.29676511954993,6.418081658466623,3766.0,4563.256059169769,0.8252878977571948,0.1747121022428052
XGBOOST,apr_drg_code,710,1836,9.230930375897028,6.131908416748047,14.658586983523948,15.69553376906318,15.505606159145795,28817.0,28468.29290819168,1.0122489638888035,0.012248963888803477
XGBOOST,apr_drg_code,711,414,6.65364170189641,3.6031241416931152,12.400646985720785,11.318840579710145,10.725229409581797,4686.0,4440.244975566864,1.0553471769655596,0.055347176965559575
XGBOOST,apr_drg_code,720,15380,4.540622036370252,3.038463592529297,7.709267978120892,7.735760728218466,7.689635713590292,118976.0,118266.59727501869,1.0059983354668744,0.005998335466874449
XGBOOST,apr_drg_code,721,837,3.6621383740483218,2.373631477355957,6.267791412206906,6.996415770609319,6.438683558535832,5856.0,5389.178138494492,1.0866220877300445,0.08662208773004454
XGBOOST,apr_drg_code,722,191,2.519095434568315,1.690242052078247,4.091330396417505,3.4764397905759163,4.304075699202053,664.0,822.0784585475922,0.8077087936024046,0.19229120639759545
XGBOOST,apr_drg_code,723,402,2.2571442824098007,1.653412103652954,3.171310118721657,3.3955223880597014,4.356930215263841,1365.0,1751.4859465360641,0.7793382542974883,0.22066174570251174
XGBOOST,apr_drg_code,724,423,3.0538175579503917,1.7926816940307617,5.013542154984505,5.4373522458628845,4.761845924048277,2300.0,2014.2608258724213,1.1418580803723961,0.1418580803723961
XGBOOST,apr_drg_code,740,118,3.820160803148302,2.287736177444458,7.132382862525179,5.305084745762712,6.36307277315754,626.0,750.8425872325897,0.8337300129808473,0.16626998701915274
XGBOOST,apr_drg_code,750,3361,13.299814752580438,9.598743438720703,20.420922397084407,19.969651889318655,20.106851318413856,67118.0,67579.12728118896,0.993176483631251,0.006823516368749005
XGBOOST,apr_drg_code,751,2115,6.673836653283302,4.57227897644043,11.024485710272536,11.45579196217494,11.253997709621492,24229.0,23802.205155849457,1.0179308951148023,0.01793089511480228
XGBOOST,apr_drg_code,752,165,8.981418132781982,5.769255638122559,18.003253111929197,11.072727272727272,11.09791608579231,1827.0,1831.1561541557312,0.9977303114503375,0.002269688549662474
XGBOOST,apr_drg_code,753,2136,7.396109507101752,5.248825550079346,12.418899342548201,12.462078651685394,12.238126388426577,26619.0,26140.63796567917,1.0182995546990432,0.018299554699043208
XGBOOST,apr_drg_code,754,1026,4.71531613667806,3.6229896545410156,7.414378056481269,8.181286549707602,8.426337482868812,8394.0,8645.4222574234,0.9709184525709526,0.02908154742904745
XGBOOST,apr_drg_code,755,365,4.539450726443774,2.942920684814453,9.080362333140771,6.926027397260274,7.249142972083941,2528.0,2645.9371848106384,0.9554270655071961,0.04457293449280386
XGBOOST,apr_drg_code,756,377,4.904872690018672,3.326875686645508,9.121083456847932,5.710875331564987,6.711936697087174,2153.0,2530.4001348018646,0.8508535746535535,0.1491464253464465
XGBOOST,apr_drg_code,757,110,11.080284903266213,7.514922618865967,17.784129630041097,13.372727272727273,12.678218837217852,1471.0,1394.6040720939636,1.054779653548071,0.054779653548070906
XGBOOST,apr_drg_code,758,141,7.433770091821116,5.387091159820557,11.928549909455478,11.106382978723405,10.375956406830051,1566.0,1463.009853363037,1.0703960717695908,0.07039607176959084
XGBOOST,apr_drg_code,759,61,8.404443951903797,6.352409362792969,13.368271765667064,14.39344262295082,12.958319171530302,878.0,790.4574694633484,1.110749197671679,0.11074919767167901
XGBOOST,apr_drg_code,760,117,8.465682624751686,6.3581037521362305,13.05143568868815,11.11111111111111,11.879469358004057,1300.0,1389.8979148864746,0.9353204908622247,0.06467950913777532
XGBOOST,apr_drg_code,770,1383,2.211113336632757,1.5775606632232666,3.3491501343093613,2.935647143890094,3.5979652764223142,4060.0,4975.985977292061,0.8159186980284575,0.1840813019715425
XGBOOST,apr_drg_code,772,1336,8.84418353706063,7.879403591156006,11.00491302795182,14.652694610778443,14.899243447595014,19576.0,19905.38924598694,0.9834522579831818,0.01654774201681819
XGBOOST,apr_drg_code,773,872,2.4904990196228027,1.4483580589294434,4.40479634091064,5.283256880733945,4.8068826832902545,4607.0,4191.601699829102,1.099102522118892,0.09910252211889192
XGBOOST,apr_drg_code,774,486,3.198665259796896,1.822662115097046,5.725063802712687,5.652263374485597,5.231324268466651,2747.0,2542.4235944747925,1.0804651144560624,0.08046511445606241
XGBOOST,apr_drg_code,775,2408,2.586553239347135,1.8271539211273193,4.3510913840242464,4.8816445182724255,4.62800426498996,11755.0,11144.234270095825,1.05480553576867,0.05480553576867009
XGBOOST,apr_drg_code,776,213,4.395688867345102,2.8479580879211426,7.063837678971723,6.788732394366197,5.570153919184152,1446.0,1186.4427847862244,1.2187692643438708,0.21876926434387078
XGBOOST,apr_drg_code,792,135,5.50163008901808,3.222743272781372,8.161385183003127,8.866666666666667,9.872410885492961,1197.0,1332.7754695415497,0.8981257738872895,0.10187422611271046
XGBOOST,apr_drg_code,793,188,4.872292313804018,2.571883201599121,8.491399900874745,7.569148936170213,6.896047358183151,1423.0,1296.4569033384323,1.097606867097328,0.09760686709732802
XGBOOST,apr_drg_code,794,36,4.736997240119511,2.609313130378723,7.349400804939057,5.166666666666667,6.890098498927222,186.0,248.04354596138,0.7498683317039819,0.2501316682960181
XGBOOST,apr_drg_code,810,189,2.506123460789837,1.7214984893798828,5.026913968914599,3.4761904761904763,4.346394323167347,657.0,821.4685270786285,0.7997871839794952,0.20021281602050478
XGBOOST,apr_drg_code,811,179,2.400224672349472,2.0172834396362305,3.145527303202928,2.8491620111731844,4.216016268596968,510.0,754.6669120788574,0.6757948332398978,0.32420516676010225
XGBOOST,apr_drg_code,812,754,3.281406384564205,2.2191721200942993,6.762269547061263,4.538461538461538,5.086341901862653,3422.0,3835.1017940044403,0.8922840080411274,0.1077159919588726
XGBOOST,apr_drg_code,813,567,2.991543840478968,2.049898624420166,4.708827094984145,4.929453262786596,5.087755292391231,2795.0,2884.7572507858276,0.9688856832714859,0.031114316728514058
XGBOOST,apr_drg_code,815,124,10.91338701690397,3.0847971439361572,22.435407024272813,8.32258064516129,9.96215874629636,1032.0,1235.3076845407486,0.8354193962483667,0.1645806037516333
XGBOOST,apr_drg_code,816,476,4.0362385210870695,2.620513439178467,9.439962494719955,4.897058823529412,5.277942861328606,2331.0,2512.3008019924164,0.9278347553570683,0.07216524464293173
XGBOOST,apr_drg_code,817,498,3.491029317599224,2.034836769104004,6.52812873459939,5.502008032128514,5.074129322446494,2740.0,2526.916402578354,1.0843255428649026,0.08432554286490257
XGBOOST,apr_drg_code,842,66,9.655334739974052,6.510250568389893,15.600284211748598,15.636363636363637,14.47391627774094,1032.0,955.2784743309021,1.0803132570561012,0.08031325705610115
XGBOOST,apr_drg_code,843,28,3.4962122355188643,3.014311671257019,4.320366302770852,6.321428571428571,6.882837763854435,177.0,192.7194573879242,0.9184334700762333,0.08156652992376667
XGBOOST,apr_drg_code,844,117,2.2632844692621474,1.448009967803955,3.2648738027512527,3.8376068376068377,3.383366040694408,449.0,395.8538267612457,1.1342570657294888,0.1342570657294888
XGBOOST,apr_drg_code,850,174,6.491404743030153,3.959174871444702,13.712835048473359,7.873563218390805,7.271984216810643,1370.0,1265.3252537250519,1.082725564803825,0.08272556480382498
XGBOOST,apr_drg_code,860,811,6.251242964541133,4.067619323730469,10.24394567568066,14.516646115906289,14.177999635218987,11773.0,11498.357704162598,1.0238853497954736,0.02388534979547363
XGBOOST,apr_drg_code,861,1092,3.8084241447649596,2.615394115447998,7.840428079457666,5.612637362637362,5.652225432050971,6129.0,6172.23017179966,0.9929960207904795,0.00700397920952045
XGBOOST,apr_drg_code,862,1157,5.568050881759195,4.398202896118164,8.39309338589621,9.881590319792567,8.966093216461669,11433.0,10373.769851446152,1.1021065787772597,0.1021065787772597
XGBOOST,apr_drg_code,890,265,8.446700770899934,5.757925033569336,14.195825945492833,12.89056603773585,11.863904051510794,3416.0,3143.93457365036,1.086536605637359,0.0865366056373591
XGBOOST,apr_drg_code,892,215,4.667077809710835,3.041813850402832,7.930202936789448,7.386046511627907,7.250167618241421,1588.0,1558.7860379219055,1.0187414830306287,0.018741483030628725
XGBOOST,apr_drg_code,893,70,3.6644046885626658,2.774594783782959,6.673362927080752,5.742857142857143,5.520061298779079,402.0,386.4042909145355,1.0403611177519607,0.04036111775196072
XGBOOST,apr_drg_code,894,102,2.9557859546997967,1.8107548952102661,4.613341579047395,4.480392156862745,4.291092510316886,457.0,437.6914360523224,1.0441145573279378,0.04411455732793779
XGBOOST,apr_drg_code,910,28,11.352859684399196,10.17276382446289,13.994712366846674,16.214285714285715,19.959581868989126,454.0,558.8682923316956,0.8123559812381432,0.18764401876185677
XGBOOST,apr_drg_code,911,78,7.641710319580176,5.989938020706177,9.646820832850992,12.576923076923077,13.787938287624947,981.0,1075.4591864347458,0.9121685066005272,0.08783149339947283
XGBOOST,apr_drg_code,912,292,6.04256615246812,3.350895404815674,11.215356558726425,12.441780821917808,11.310577253772788,3633.0,3302.688558101654,1.100012894369975,0.10001289436997496
XGBOOST,apr_drg_code,930,297,3.9314864901982576,2.486809730529785,6.167817306694611,6.754208754208754,6.170660080733122,2006.0,1832.6860439777374,1.0945682740324114,0.09456827403241141
XGBOOST,apr_drg_code,950,414,7.193813920596948,3.8222049474716187,13.267848853661564,12.828502415458937,11.809742011309822,5311.0,4889.233192682266,1.086264408077118,0.086264408077118
XGBOOST,apr_drg_code,951,587,8.508431729100632,4.09389066696167,16.749663850105968,12.671209540034072,11.795659241928153,7438.0,6924.051975011826,1.0742264828229133,0.07422648282291333
XGBOOST,apr_drg_code,952,301,6.016047467821064,2.740267753601074,13.1873220571485,9.29235880398671,8.602343134309763,2797.0,2589.3052834272385,1.0802125256925494,0.08021252569254944
XGBOOST,apr_drg_code,955,40,1.8259882092475892,1.6136748790740967,2.481704282122045,2.95,3.582609784603119,118.0,143.30439138412476,0.8234220798140316,0.1765779201859684
XGBOOST,apr_drg_code,956,11,20.046232266859576,11.183961868286133,35.1053775964031,14.181818181818182,12.391859531402588,156.0,136.31045484542847,1.1444463315517421,0.14444633155174214
APR_DRG_SEVERITY_MEAN,apr_severity_code,1,73940,1.4852859857522538,0.9205702647657841,3.3291707641228876,2.983567757641331,2.98531429833974,220605.0,220734.13921924037,0.9994149558391957,0.0005850441608042933
APR_DRG_SEVERITY_MEAN,apr_severity_code,2,92284,2.7879237233112577,1.596330275229358,5.788055178139694,4.871906289280916,4.881786224485859,449599.0,450510.759940453,0.9979761638976758,0.0020238361023241502
APR_DRG_SEVERITY_MEAN,apr_severity_code,3,59407,4.338371135889471,2.915094339622642,7.96186474318334,7.32723416432407,7.3333897859888735,435289.0,435654.687016241,0.9991606035074577,0.000839396492542277
APR_DRG_SEVERITY_MEAN,apr_severity_code,4,24318,8.597956913248531,5.622425629290618,14.01019913308015,13.9704334238013,13.926610898940792,339733.0,338667.3238404422,1.0031466754674563,0.0031466754674562836
APR_DRG_SEVERITY_MEAN,apr_severity_code,Unknown / Not Available,51,5.1786601307189555,1.074074074074074,17.422143911808597,5.372549019607843,3.9927611785454915,274.0,203.63082010582008,1.345572344390753,0.345572344390753
XGBOOST,apr_severity_code,1,73940,1.4701133827986446,0.9060835242271423,3.254411830774408,2.983567757641331,2.973126764493534,220605.0,219832.99296665192,1.003511788758047,0.0035117887580469187
XGBOOST,apr_severity_code,2,92284,2.7475445076825173,1.6458675861358643,5.73890793224715,4.871906289280916,4.879008334307505,449599.0,450254.4051232338,0.9985443671049605,0.0014556328950394715
XGBOOST,apr_severity_code,3,59407,4.25082783082431,2.9250855445861816,7.836712545732624,7.32723416432407,7.3020897791779635,435289.0,433795.2475116253,1.0034434505609346,0.0034434505609346466
XGBOOST,apr_severity_code,4,24318,8.477996521672976,5.692111968994141,13.786782159121175,13.9704334238013,13.975032875202373,339733.0,339844.8494591713,0.9996708808170867,0.00032911918291333997
XGBOOST,apr_severity_code,Unknown / Not Available,51,5.755844770693312,1.7279481887817383,16.451126157174347,5.372549019607843,5.482644043716729,274.0,279.6148462295532,0.9799193558379813,0.020080644162018713
APR_DRG_SEVERITY_MEAN,age_group,0 to 17,35044,1.9688725370777271,0.9542212285744704,5.910294306310683,3.973519004679831,4.070572711084922,139248.0,142649.15008726,0.9761572355308147,0.023842764469185318
APR_DRG_SEVERITY_MEAN,age_group,18 to 29,21439,2.6623043866532274,1.1104761904761906,6.268555550311017,4.697000792947432,4.99332491124096,100699.0,107051.89277209494,0.9406559509823917,0.05934404901760826
APR_DRG_SEVERITY_MEAN,age_group,30 to 49,48590,3.0069702579593898,1.3468208092485545,6.8185126885662255,5.11741098991562,5.286433677613271,248655.0,256867.81239522883,0.9680270863108679,0.03197291368913213
APR_DRG_SEVERITY_MEAN,age_group,50 to 69,67011,3.9833990688561056,2.1132867132867132,8.015044120976903,6.624166181671666,6.481778241061661,443892.0,434350.44171178294,1.0219674193276138,0.021967419327613813
APR_DRG_SEVERITY_MEAN,age_group,70 or Older,77916,3.7869896792601563,2.2558756805807625,7.015968267557628,6.584090559063607,6.479429691849115,513006.0,504851.24387011566,1.0161527900126999,0.01615279001269987
XGBOOST,age_group,0 to 17,35044,2.008249428076037,0.8630965948104858,5.841304950511655,3.973519004679831,4.0328653362254245,139248.0,141327.7328426838,0.9852843260069926,0.014715673993007439
XGBOOST,age_group,18 to 29,21439,2.5696135336735884,1.134293556213379,6.16017766764927,4.697000792947432,4.815844512371114,100699.0,103246.89050072432,0.9753223512265831,0.024677648773416938
XGBOOST,age_group,30 to 49,48590,2.93672380445057,1.3489152193069458,6.77646893286625,5.11741098991562,5.175993490448507,248655.0,251501.52370089293,0.9886818828808439,0.01131811711915609
XGBOOST,age_group,50 to 69,67011,3.9393467739491497,2.135000228881836,7.888268085907998,6.624166181671666,6.576095557289681,443892.0,440670.73938953876,1.0073099035686455,0.0073099035686454705
XGBOOST,age_group,70 or Older,77916,3.7104441126463037,2.2882750034332275,6.88796981506372,6.584090559063607,6.510347341663741,513006.0,507260.22347307205,1.0113270788069844,0.011327078806984359
APR_DRG_SEVERITY_MEAN,payer_group,Blue Cross/Blue Shield,24512,2.3592025656845914,1.115562678062678,4.970915153805126,4.224543080939948,4.662863806836889,103552.0,114296.11763318582,0.9059975276879723,0.09400247231202774
APR_DRG_SEVERITY_MEAN,payer_group,Department of Corrections,162,3.614553946296656,1.6723872950819672,9.88196832126639,6.290123456790123,4.884150733905996,1019.0,791.2324188927714,1.2878643185853786,0.28786431858537864
APR_DRG_SEVERITY_MEAN,payer_group,Federal/State/Local/VA,2360,3.3810746431962313,1.6701012358907095,7.26836465842857,5.861864406779661,5.710798310267892,13834.0,13477.484012232226,1.0264527108653365,0.026452710865336515
APR_DRG_SEVERITY_MEAN,payer_group,"Managed Care, Unspecified",3178,2.734580429254426,1.307339449541284,5.451631766741172,4.910950283196979,5.43030950702284,15607.0,17257.523613318586,0.9043591855760356,0.09564081442396444
APR_DRG_SEVERITY_MEAN,payer_group,Medicaid,76704,3.2297653081623072,1.3258426966292136,7.618853089721412,5.615913120567376,5.4556234677303985,430763.0,418468.1424687925,1.0293806296906447,0.0293806296906447
APR_DRG_SEVERITY_MEAN,payer_group,Medicare,101788,3.9409674096620932,2.2666666666666666,7.512417222485247,6.768381341611978,6.6433398995005915,688940.0,676212.2816903662,1.0188220750410175,0.018822075041017516
APR_DRG_SEVERITY_MEAN,payer_group,Miscellaneous/Other,2792,3.6915125226366676,1.896935933147632,7.612776962571111,6.005372492836676,6.190646545981979,16767.0,17284.285156381684,0.9700719380812407,0.029928061918759297
APR_DRG_SEVERITY_MEAN,payer_group,Private Health Insurance,35097,2.574349808201554,1.1725703905540419,5.672051925122014,4.549277716044107,4.8865142121340455,159666.0,171501.9893032686,0.9309862856322971,0.06901371436770287
APR_DRG_SEVERITY_MEAN,payer_group,Self-Pay,3407,2.8059024820414833,1.3158705701078581,6.3465954587647415,4.506017023774581,4.837535820382736,15352.0,16481.48454004398,0.9314694900632436,0.06853050993675636
XGBOOST,payer_group,Blue Cross/Blue Shield,24512,2.2559512000720625,1.1154191493988037,4.888844998413986,4.224543080939948,4.3294040948984165,103552.0,106122.35317414999,0.9757793424545349,0.024220657545465096
XGBOOST,payer_group,Department of Corrections,162,3.8173144032925737,1.741908311843872,9.894182747714266,6.290123456790123,5.077750125784933,1019.0,822.5955203771591,1.2387619124558198,0.2387619124558198
XGBOOST,payer_group,Federal/State/Local/VA,2360,3.3094826497011267,1.6901596784591675,7.2160333550189435,5.861864406779661,5.639271096077006,13834.0,13308.679786741734,1.039472000354355,0.03947200035435494
XGBOOST,payer_group,"Managed Care, Unspecified",3178,2.6949437963579945,1.3337600231170654,5.565233948295446,4.910950283196979,5.249011501004067,15607.0,16681.358550190926,0.9355952606043212,0.06440473939567881
XGBOOST,payer_group,Medicaid,76704,3.216695134393936,1.4162395000457764,7.4843173121697095,5.615913120567376,5.5722415813081305,430763.0,427413.21825265884,1.0078373377431695,0.007837337743169526
XGBOOST,payer_group,Medicare,101788,3.8806331323466843,2.3159003257751465,7.391557337160583,6.768381341611978,6.7195289860256535,688940.0,683967.4164295793,1.0072702053503928,0.0072702053503928
XGBOOST,payer_group,Miscellaneous/Other,2792,3.559238008706481,1.7939174175262451,7.451949725088578,6.005372492836676,6.030428153011724,16767.0,16836.955403208733,0.9958451274869208,0.004154872513079222
XGBOOST,payer_group,Private Health Insurance,35097,2.5036645191827893,1.1801300048828125,5.703198421155627,4.549277716044107,4.633461877085916,159666.0,162620.6115000844,0.9818312606696669,0.01816873933033314
XGBOOST,payer_group,Self-Pay,3407,2.7619639309333643,1.3572087287902832,6.166197936564826,4.506017023774581,4.7648727002996205,15352.0,16233.921289920807,0.9456741674318473,0.05432583256815271
APR_DRG_SEVERITY_MEAN,admission_type_group,Elective,41995,2.783452859974259,1.1428571428571423,6.6228457420345554,4.713037266341231,4.68099989867231,197924.0,196578.59074474365,1.006844129109682,0.006844129109681907
APR_DRG_SEVERITY_MEAN,admission_type_group,Emergency,165918,3.707854423676565,2.077753779697624,7.292405674215401,6.254438939717209,6.325468687048596,1037724.0,1049509.113617729,0.9887708325113016,0.0112291674886984
APR_DRG_SEVERITY_MEAN,admission_type_group,Missing / Not Available,253,4.951261679570799,2.333333333333333,8.53138454660515,8.150197628458498,7.706833338014779,2062.0,1949.828834517739,1.057528724314924,0.05752872431492406
APR_DRG_SEVERITY_MEAN,admission_type_group,Newborn,23034,1.306221357846502,0.36585365853658547,4.788236609307899,3.5255274811148736,3.49473455445606,81207.0,80497.71572734088,1.0088112347816376,0.008811234781637589
APR_DRG_SEVERITY_MEAN,admission_type_group,Trauma,938,4.523976311211116,2.705357142857143,8.028120891932216,7.32409381663113,8.186045465686657,6870.0,7678.510646814085,0.894704756690082,0.10529524330991802
APR_DRG_SEVERITY_MEAN,admission_type_group,Urgent,17862,3.723384041973853,1.4510083036773427,8.174081763597492,6.702105027432538,6.133511435748348,119713.0,109556.78126533699,1.092702784961029,0.0927027849610289
XGBOOST,admission_type_group,Elective,41995,2.6805090017539572,1.238431692123413,6.342584238855117,4.713037266341231,4.755664754656188,197924.0,199714.1413717866,0.9910364816457635,0.008963518354236477
XGBOOST,admission_type_group,Emergency,165918,3.6264942795080253,2.0533971786499023,7.211248699816855,6.254438939717209,6.241637373785628,1037724.0,1035599.9897837639,1.0020509948215426,0.0020509948215425844
XGBOOST,admission_type_group,Missing / Not Available,253,5.1439497390754605,2.8408918380737305,8.761830266121194,8.150197628458498,8.202570368178748,2062.0,2075.2503031492233,0.9936150819353619,0.006384918064638145
XGBOOST,admission_type_group,Newborn,23034,1.4483269052786205,0.671572208404541,4.930415267316096,3.5255274811148736,3.5173702182957745,81207.0,81019.10560822487,1.002319136830314,0.002319136830313928
XGBOOST,admission_type_group,Trauma,938,4.5208550479366325,2.573407292366028,8.104314578595986,7.32409381663113,8.099920678113316,6870.0,7597.72559607029,0.9042179680131268,0.09578203198687318
XGBOOST,admission_type_group,Urgent,17862,3.8110839023079937,1.646480917930603,8.018750012256964,6.702105027432538,6.60625334474958,119713.0,118000.89724391699,1.0145092350657636,0.014509235065763626
