model,accuracy,f1
Logistic Regression,0.71,0.8152866242038217
Decision Tree,0.65,0.7586206896551724
