model,accuracy,precision,recall,f1,roc_auc
Logistic Regression,0.7,0.7024539877300614,0.7339743589743589,0.7178683385579937,0.7636774394586895
Decision Tree,0.66,0.6719745222929936,0.6762820512820513,0.6741214057507987,0.7238192218660968
