model,accuracy,f1
Logistic Regression,0.72,0.8227848101265823
Decision Tree,0.65,0.7586206896551724
