model,accuracy,precision,recall,f1,roc_auc
Logistic Regression,0.6966666666666667,0.7006172839506173,0.7275641025641025,0.7138364779874213,0.7625089031339032
Decision Tree,0.66,0.6719745222929936,0.6762820512820513,0.6741214057507987,0.7195679754273504
